122f06bfd8fc7b06a0899fa9adc4ce8e06900d98, Sun Mar 7 08:14:33 2021 -0700,1,1,1
6e36d328018f8b525b0de0649453f222035ad1d8, Fri Feb 19 15:08:33 2021 +0100,2,2,2
72a0fe52debcaf1845bb3d1600fcd468b16e051e, Fri Feb 19 12:53:31 2021 +0100,1,1,1
51aff055200dbe1b1350e5607fc047e88251b08f, Fri Feb 19 12:53:05 2021 +0100,1,16,4
cad80597c7947f0def83caf8cb56aff0149c83a8, Thu Feb 18 20:28:54 2021 +0100,1,1,1
635aa0b75f54eddbcb29fda282d05db4b66f803c, Thu Feb 18 15:22:33 2021 +0100,9,160,93
a63edc04c19ab0d46769dd66c869f3c48fd35d3d, Thu Feb 18 15:22:33 2021 +0100,1,4,3
ad32b95c94897850f906d6e6a160e6cc803af85b, Thu Feb 18 15:22:33 2021 +0100,1,17,1
8420c794cd17d86fea5f713ce52617b4ecf0ec29, Mon Feb 8 15:18:39 2021 +0100,1,2,2
bb0ed3f6d91f19447732f667dac077dfd7338d57, Sun Feb 7 18:03:47 2021 +0100,2,11,0
897b4b9152d3680da1db4c380aaa48a52313c680, Sun Feb 7 16:11:33 2021 +0100,2,1,0
c3c51d07959a55602bb3c40bf9b2fb694bcc8f5a, Sun Jan 24 14:45:29 2021 +0100,2,2,2
1bb90881971c226d45c0abd1ac16ce3d6b77fc5f, Sun Jan 24 14:09:09 2021 +0100,1,1,1
d6d5caa4f16f0fb9dcadca58e6adf5160f13acbd, Wed Jan 13 18:36:37 2021 +0100,1,12,1
47e27821554fe0299c008572976ea378c0195f92, Mon Dec 21 12:54:57 2020 +0100,2,2,2
f01be9896efb38a4db3dd558d53cd9aa573da2fe, Mon Dec 21 12:35:47 2020 +0100,1,2,2
27300724823f7ecce3fcbcee8e567a80d16f2b4c, Mon Dec 21 12:35:43 2020 +0100,2,3,3
8dcc75dbbe0a7b82c7c9a9388a49d1e32723d8a9, Sat Dec 19 13:11:48 2020 +0100,1,1,1
d2faea81c32ce04d061237e34cfad3c36e93be35, Wed Dec 16 22:24:47 2020 +0100,1,1,0
f7f55464a156e1181fa76d9c7e2fc0d495f2357e, Mon Dec 14 17:33:51 2020 +0100,1,5,8
fe402261666821514377d06c2c68ed9bc19e7634, Thu Nov 12 10:02:14 2020 +0100,2,2,2
d0bf51bd07976467e2987c83a4950b97f3a333ec, Thu Nov 12 09:45:29 2020 +0100,1,1,1
ce8faa3ee266ea69431805e6ed4bd7102d982508, Thu Nov 12 09:43:38 2020 +0100,1,1,1
da5646fea1554a5dcaa1f26c403a43f167521899, Wed Nov 4 09:27:53 2020 +0100,1,1,0
99e954f4871d9a760451c5ada99dfaae5df256e5, Thu Oct 29 13:21:14 2020 +0100,2,11,0
25320ac50e6ddd8b935282f22dfddb579d528429, Wed Sep 9 13:44:46 2020 +0200,1,1,4
d97b575a47fb26f27965bdc9e537c85f86165e42, Tue Sep 8 18:22:40 2020 +0200,2,2,2
482d020d7228628ef9ceda4d2cf955374e832ef9, Tue Sep 8 17:52:58 2020 +0200,1,8,3
dace9d04b9ab94e07104ffa8435ec49af48f7e3f, Thu Aug 27 09:55:29 2020 +0200,1,2,2
a28032f2d1251daa717143c239451678e9481266, Thu Aug 27 09:45:01 2020 +0200,1,2,2
515d54436e0da46d5f3250f682ee265e65ab303e, Thu Aug 27 09:45:01 2020 +0200,1,5,5
1a41e327bef444861324c2df86bd21f15aaf95c4, Thu Aug 27 09:36:16 2020 +0200,3,7,3
90a9e82ba613d39951c8b6fb66d149a06b5b2298, Wed Jul 29 10:14:52 2020 +0200,1,7,10
a567b4c2910ca480bd6f642f30401ca9ccc50d4e, Wed Jul 29 10:14:22 2020 +0200,2,2,2
4213ef0109a388311763542b4b0cf77f1d01777e, Wed Jul 29 10:14:15 2020 +0200,1,2,0
5a45add2b3d3318ad7aa6c06c3d3612bb0094479, Wed Jul 29 10:14:15 2020 +0200,1,4,1
372427a6f97753d7c7a1027c5bd07ea3be520c1c, Wed Jul 29 10:14:15 2020 +0200,1,2,1
f04dae170525ad46f7db2c5fcbb14f5369a6e125, Wed Jul 29 10:14:15 2020 +0200,1,1,1
d553aa7c52ac78c1963886afb74ba861b0b7b0fc, Sun Jul 12 21:27:57 2020 -0600,2,2,2
d9e60cad625e96a916b7950e9706f7fa3c563c60, Tue Jun 30 19:44:12 2020 -0600,1,22,0
f4367ebaef9244fc777875be2c765cc03a1b5b72, Tue Jun 30 17:17:05 2020 -0600,2,3,18
6af810721785ecae09a50ebf28d4c8234f67b163, Tue Jun 30 17:17:01 2020 -0600,1,1,0
ae2212da560cffe0daec1878fefde46a83906f24, Mon Jun 29 16:29:47 2020 -0600,1,8,8
7adc5ff9285ed79f255aafcde3bc5ae71005e013, Mon Jun 29 16:28:35 2020 -0600,1,4,1
3917d7135cc605da3d607df089f16f9773aa67f9, Mon Jun 29 16:28:35 2020 -0600,1,2,8
2fbaef864227150ca9bbc78b57614c313c2dac9d, Tue Jun 23 16:12:11 2020 -0600,2,2,2
4941d3b34b59dc39c23250425494f8dce19eedd0, Mon Jun 22 00:02:39 2020 -0600,1,2,1
b8fbf4f4803ca1b2fa181ca3d2555cdb61f6f374, Mon Jun 22 00:02:35 2020 -0600,6,71,46
c5e19b2939d490e23b0d0ab19cdef14442910ab7, Sun Jun 21 21:41:34 2020 -0600,1,2,2
178cdfffb99f2fd6fb4a5bfd2f9319461d93f53b, Thu Jun 18 17:47:36 2020 -0600,1,1,1
1f4ad9270d25ae912790fe2e76183fc27d5d3dc8, Mon Jun 15 16:41:39 2020 -0600,1,4,7
dbfce70cece48c5a5292771226ecec9f60e081cf, Thu Jun 11 02:17:19 2020 -0600,2,2,2
55385041a8cb74188be566e65d80bf9baecdd2e7, Thu Jun 4 01:55:55 2020 -0600,1,3,11
96e82f21e1e5022b10bac855b5793370720f6359, Thu May 28 03:04:41 2020 -0600,1,4,2
b5e824a5a2da5aa179f03183ac501a154346348d, Thu May 28 03:04:41 2020 -0600,1,1,0
feb89cab65c6ab1a6cbeeaaeb11b1a174772cea8, Thu May 28 03:04:41 2020 -0600,1,1,0
e24c9a9265af40781fa27b5de11dd5b78925c5be, Thu May 28 03:04:41 2020 -0600,1,3,1
db02cf0f74b65c7f1230406e44ef78bbd4b5e3a5, Thu May 28 03:04:41 2020 -0600,1,1,0
e3a1bcca4e46c3b10a219930b09ff489e46c3319, Thu May 28 03:04:41 2020 -0600,1,11,1
68d0cf10af1514fb92b2de7b59af8798c6fbca74, Thu May 21 22:02:57 2020 -0600,1,11,4
85140b431e1e6807cf6c243162a7328dedceeb9d, Thu May 21 22:02:57 2020 -0600,1,1,1
eaffa9232baa50b2843bb5a88c87c507c1e72ba1, Thu May 21 22:02:57 2020 -0600,1,1,1
be7e031f71c4c92400a6d9b456e537b8feca6290, Thu May 21 22:02:57 2020 -0600,1,2,0
543575ebc88cb9771eed34c66036abf978fffbe6, Thu May 21 22:02:57 2020 -0600,1,1,3
07a3a4f183de6c748558c6f0d7ada71a9ca17992, Thu May 21 22:02:57 2020 -0600,1,2,1
989e7c2a62e873107d215b5ee02b12e175a70635, Thu May 21 22:02:57 2020 -0600,1,1,0
780227c0575a0ee4ee593e600c6b630eaa6d1c43, Thu May 21 14:42:31 2020 -0600,1,1,1
f55b32cbf56858397e323492cf0c6d5748dc7e5b, Thu May 21 05:04:43 2020 -0600,1,1,0
8616ba850ee2ced8b545088519d347c7a6e9cbdb, Thu May 21 01:46:57 2020 -0600,1,1,0
bcd6eb0e482bae290140024d4d1642868d763aa6, Thu May 21 01:25:21 2020 -0600,1,1,0
78d3ff17e3d39f32916009e94fc498f16e240ba7, Thu May 21 01:22:05 2020 -0600,1,1,3
dc36ca48d41150e83f0eab477b2c7fd45250a6bf, Wed May 20 22:34:53 2020 -0600,2,2,2
be8704d9894725745a6636c38ba692c53e06a722, Wed May 20 22:21:55 2020 -0600,1,7,4
0c83b08b0248c7781aae8f41cef90ee3dc06c410, Wed May 20 22:19:57 2020 -0600,1,3,3
42b2b9172f279ced743087971f6fc4d07b717788, Wed May 20 22:19:57 2020 -0600,1,1,1
f3a500fab070c1adfda2fc2bb26d0dab2b2b1248, Wed May 20 00:47:28 2020 -0600,2,15,2
448891d8217dab3df79ba7506164cbc8dc18288a, Tue May 19 23:18:53 2020 -0600,5,50,54
e6b61935581e8acaca67a366b1842ed5f6a38e4c, Tue May 19 23:18:53 2020 -0600,4,17,4
ccff8b7b8419e3e3729fc5f9ec037611457f1c74, Tue May 19 23:18:53 2020 -0600,1,5,1
c17ab02f901342fb38ab40fae8c881a55c139c65, Tue May 19 23:18:53 2020 -0600,1,4,9
a76c8a5256c926f0a040b4c7085a631ef9b74aa8, Tue May 19 23:18:53 2020 -0600,1,1,1
d453c9c388b6d25d755d2683dbf3be52781feaff, Fri May 8 01:23:13 2020 -0600,1,1,1
99b29a623277999b48f1ea58905ec078cb1c8eea, Wed May 6 16:06:44 2020 -0600,2,2,2
997c9227ee53eef723afe995df2e619565db0550, Tue May 5 21:11:58 2020 -0600,2,12,16
3f54461d3cf43176b06467de619018382baf4cb7, Tue May 5 19:15:45 2020 -0600,1,2,2
1325bedf8ee3d69ed58460b7a8fee96d949f67da, Mon May 4 19:36:14 2020 -0600,1,4,2
2ab4726cc2808f1c9e8acac5120ae7be6a090ebb, Mon May 4 18:36:18 2020 -0600,1,2,0
ed03442d350e5af9dda7ad3c0dededf3b8b6b417, Mon May 4 02:39:10 2020 -0600,2,51,15
69ec8dde5cfc926aceb26e0580782d232687375c, Sun May 3 22:57:52 2020 -0600,1,1,0
4685f980e24686a6b498602419a92c1d54478258, Sun May 3 20:08:55 2020 -0600,1,1,5
1990cff56992c0984ae5d73989ba10aa26eae608, Sun May 3 20:08:55 2020 -0600,2,5,1
5022a7e3f8aad07f1e2b543827830f1f18ca318d, Sun May 3 20:08:54 2020 -0600,1,4,1
e21f8816ec23e6a01529a05215a45d713d5a55b4, Thu Apr 30 22:08:29 2020 -0600,1,1,1
9d4b3615a17d38ad9f53cd8db2c7966860f4f63a, Wed Apr 29 22:38:02 2020 -0600,2,2,2
4602590adee92557847e61c8cd14445d35fbfa2e, Wed Apr 29 22:20:32 2020 -0600,1,1,1
787b0dada39add1b0f9f5ed9cead9c1a2ed36127, Wed Apr 29 04:44:20 2020 -0600,1,6,5
d5e4cd080695369d699e20c2b12828001be06e04, Tue Apr 28 13:33:03 2020 -0600,2,2,16
aa73688d966fdac6ae28db2d66586bdb998d5baa, Sun Apr 26 19:21:56 2020 -0600,2,2,2
bfc392e1d9a59c30fdcd9bb502ee8e7787911be0, Sun Apr 26 16:04:41 2020 -0600,1,6,4
bfb7a96ba90363d9000a003acc36699aa5ad2e0d, Fri Apr 24 19:12:13 2020 -0600,1,1,0
34babb386e6a22706ba7d4cdf35a8f112c14e3da, Wed Apr 22 23:39:32 2020 -0600,1,3,1
b1e54709efcf75ec4db1b1985b12a7fbd949b48c, Wed Apr 22 14:55:51 2020 -0600,1,1,1
7e14a4851e099c5ee577b2eca50eebac7d7fbf00, Wed Apr 22 14:55:37 2020 -0600,1,4,4
06eb9a6b9abd04481f2a3d561282453b9a1720c8, Wed Apr 22 14:44:07 2020 -0600,1,70,36
bd388363a66d67f0e04f9c45b20a9f33dfcf79f6, Thu Apr 16 03:25:09 2020 -0600,1,1,0
52978fcc265c472773b0b334d31705573ae8cb98, Tue Apr 14 22:18:27 2020 -0600,5,1,0
fe82d0b68de57fa02cc59877b32414701e0ec373, Tue Apr 14 03:17:19 2020 -0600,2,2,2
606f4f96eb20a6401a9a9d225f4b9bd4008d343a, Tue Apr 14 03:11:05 2020 -0600,1,1,0
fcf7f20e2fc039bafc5e78104e1d9fae2852b50d, Tue Apr 14 03:02:07 2020 -0600,1,5,1
c15894ad17cb0760471c2dd798bfbbea2081b4db, Tue Apr 14 02:56:24 2020 -0600,1,1,1
33fbfba3b687203d1171cd589d5f8e6d7e760f1c, Wed Apr 8 23:54:57 2020 -0600,1,2,0
70193c4950b998a841c27a2245522f7fe696e968, Tue Apr 7 14:21:52 2020 -0600,1,7,4
43f57dac7b8305024f83addc533c9eede6509129, Wed Apr 1 13:07:51 2020 -0600,2,2,2
6a988a1694fdf6f043c01504a2ebeb469923e9f9, Wed Apr 1 11:59:27 2020 -0600,1,1,1
a58bd9d967497f784f82bb543d14c81cbfa92a11, Wed Apr 1 11:58:40 2020 -0600,1,1,1
3a0fd48b8ab82f4c229acca97c70cd743cd556d9, Mon Mar 30 18:15:15 2020 -0600,2,2,2
2d4fa2a6e7903ec3340f1b075456cbd84ba6a744, Sat Mar 28 19:56:04 2020 -0600,2,11,1
cf877de9a8b38422aef6beb514b688a0eedae4d8, Wed Mar 18 23:15:25 2020 -0600,2,2,2
2b8243a13f5a640de7bdade1005e903027ff1e12, Wed Mar 18 18:17:54 2020 -0600,1,1,1
b4fc14a113963c219c2a30adedf79b010b34376b, Wed Mar 18 18:17:54 2020 -0600,5,49,48
0ab182b2e7c32ef9bd5db82fc683a7c03750a796, Tue Mar 17 22:24:17 2020 -0600,1,1,2
b9d186323ddbc4cbd793ef49002b4a4107d6a8aa, Tue Mar 17 22:23:48 2020 -0600,3,10,4
279f36f2f608c0a838ee3b4b2aeeea10c7c97931, Tue Mar 3 17:58:40 2020 +0800,1,1,1
118398c1c6540d44a070266cf3a39c5077775c8e, Wed Feb 19 21:48:13 2020 +0100,1,55,55
27ce49e385a87cb784368a0995f8284fd6887d8c, Sat Feb 15 20:30:09 2020 +0100,1,1,1
d05a993b76af758b4bd998999aea633d30e88ce4, Sat Feb 15 00:01:31 2020 +0100,2,2,2
f3a101f8bba341fa3e6413f4a8822453c07a5525, Fri Feb 14 23:58:36 2020 +0100,1,1,0
ccf83958942334da31a6688a994796b049594c76, Fri Feb 14 18:36:19 2020 +0100,1,11,6
994376d9d0c798c864a209ae3068502fbac8d77c, Fri Feb 14 14:33:05 2020 +0100,2,2,2
c9ba029a1f1d1aa1000528a14fd2bda3eb2fb7c1, Fri Feb 14 14:05:02 2020 +0100,3,12,4
bfde89418a6d1adb2f6ba487ccd9458583227264, Thu Feb 13 14:49:37 2020 +0100,1,5,2
fb2b4ccf24b5ce56e58de9d99b67f2a6258e36b3, Wed Feb 12 20:13:12 2020 +0100,3,101,36
a7e4885d83a33ad1f857df1b9d68abafe49378f3, Thu Feb 6 12:45:34 2020 +0100,1,3,1
7a11a53c5a8cf54d1b4b12e2359d1dc4a2ebd751, Wed Feb 5 14:37:40 2020 +0100,2,2,2
44c4a3bb1946f875ce73497834928663eb37d5f9, Wed Feb 5 14:37:27 2020 +0100,1,6,0
e4b7c4ce0d0fa3c0fbff98c239de2e03b9404712, Wed Feb 5 14:37:27 2020 +0100,1,8,9
1f28106abb42411ab0c869170dfa5f3a0db3d673, Wed Feb 5 14:37:24 2020 +0100,2,9,7
754bc78bce8a876e9d41ed53243a47db74db910e, Wed Feb 5 14:36:56 2020 +0100,1,1,0
8c591730d8cd5b3e253eeb767e491647b1061757, Thu Jan 30 15:30:32 2020 +0100,1,1,1
003fb6ee9502741f41cb2563d2916172d98f5fd1, Thu Jan 30 14:52:45 2020 +0100,1,8,3
5fd36918d725cfae191e571fb4e013c4075862b6, Tue Jan 28 16:37:17 2020 +0100,2,2,2
34fc3cbcac8f7c2888ac7571498c06cd1b613e70, Tue Jan 28 16:33:01 2020 +0100,2,79,0
6af0b4d1c1df730bcd3d8f0ec9b020108af18c6f, Tue Jan 28 16:32:58 2020 +0100,1,4,0
1fd5305af2bc5c9e42ffd55a7742d64d83d65d1a, Tue Jan 28 16:32:32 2020 +0100,1,1,1
cc26f386fe7a92a56a22dfdc544e29442db15cc3, Tue Jan 21 16:11:10 2020 +0100,2,2,2
55df79c6c08e31f24370f3ddc69e37729b4c5676, Tue Jan 21 16:07:52 2020 +0100,3,1300,2308
a3f8970c8181f44091f987679527e41fa6531d68, Sat Jan 11 10:49:18 2020 -0500,2,9,8
1aa1f0ab927e8e2e83fcbcdbcf8a1f5ae31ac153, Sat Jan 11 10:49:18 2020 -0500,3,12,22
28690ca621268763c9ecb8ef154eb3739a9317e3, Sun Jan 5 18:02:26 2020 -0500,2,2,2
7481b6abbaa1d8892a3af40301c50fe1a7641246, Thu Jan 2 17:23:24 2020 +0100,1,15,14
bcf7f0f03c9a21d5305addda79edf9495e302151, Thu Jan 2 17:23:24 2020 +0100,1,1,1
9dbe97eb62dfcfee2529ae4a69b6fd68e0b46111, Thu Jan 2 17:23:20 2020 +0100,1,1,0
7a0dc69664adcb381e690a373abd7714d95ced1b, Wed Jan 1 23:30:40 2020 +0100,5,22,17
e4354e6509da0e0a01de9c3ed5c46d18580c5fde, Thu Dec 26 17:22:07 2019 +0100,2,2,2
6d0796b05fc8f59f756cf50969f5551ff2e40228, Thu Dec 26 17:19:31 2019 +0100,1,2,2
9b76476d365b5d49a04c51d720078a665aa79230, Thu Dec 26 17:15:01 2019 +0100,6,24,33
22a1e10487e408e98019d604ac2cb04733e415e6, Thu Dec 26 17:07:00 2019 +0100,1,2,3
39298aca706a85a621228a33fc6a2dd02dbd7a6e, Thu Dec 19 01:12:35 2019 +0100,2,2,2
e206c2b9e94ae13a9ccbec51173213265c01367c, Thu Dec 19 01:00:39 2019 +0100,1,1,1
cd431209d5b63c75ca2e3aa382f3105fe16e30e8, Thu Dec 12 12:24:51 2019 +0100,2,2,2
8cc481e96acad6ed293c22868690d5b3ecfba094, Thu Dec 12 12:24:05 2019 +0100,1,1,0
11a71b7d6971750a8892e1b18eb8688d91e48fe8, Thu Dec 12 12:24:05 2019 +0100,3,6,6
d612e808b9fa499497578792c5e3b16c4f30ce6a, Thu Dec 12 12:24:05 2019 +0100,1,2,2
513c6437283f265d7f60d762585a431eb44892cc, Thu Dec 12 12:23:45 2019 +0100,2,8,3
93eab570525e3b3e2ae7cf999ad0f7a4d93f2ab9, Fri Dec 6 18:39:32 2019 +0100,2,2,2
9a0ace85312fc8c4b69e98c00552839b2756c77b, Fri Dec 6 18:03:23 2019 +0100,1,59,8
6d9a9aa29b77a22f4de2e56b815639e06a876b48, Thu Dec 5 15:27:37 2019 +0100,6,19,14
c5591560ff58201c58379b80630134a1784bb36d, Thu Dec 5 14:54:46 2019 +0100,6,151,122
87e48ccfbfb99a849daade12cb7f192edf8eced8, Thu Dec 5 11:51:39 2019 +0100,2,20,8
23bceb259a4fc28ce61a25cf0a35a1794d4c28de, Thu Dec 5 11:49:46 2019 +0100,2,2,2
7c2c30ca4fe5b3d263c754e03d3045da881d1eec, Thu Dec 5 11:48:25 2019 +0100,1,2,2
2d4c38494e43d647c4ba68c098c5592d7068f25d, Thu Dec 5 11:48:25 2019 +0100,3,13,9
3be7e2f42612c69bdc59e7f633d43a2f3f293978, Thu Dec 5 11:48:25 2019 +0100,1,2,9
cc563d36968322be1ae88b84c2dd339ae5fdcbbc, Wed Nov 27 15:39:16 2019 +0100,2,2,2
8867c31ee7f1b7e9618113e391a76879dab71942, Wed Nov 27 14:42:34 2019 +0100,1,1,1
e4be4fda77d55b6c06a3b65770728b4a155b38a0, Wed Nov 27 14:38:44 2019 +0100,1,1,1
c915391e8970d3fa8f70a1e93c401912490c52dd, Wed Nov 27 14:02:49 2019 +0100,1,1,0
da0e24a44cfc76a93a369075c2514a4b3247c840, Tue Nov 26 11:33:33 2019 +0100,1,9,8
c2b7c2d77b6b26f8613018605b50c4ccb83c7e85, Tue Nov 26 11:33:33 2019 +0100,1,1,1
c686043b3a504208fb36ee935055c68ff210eac6, Tue Nov 26 11:33:33 2019 +0100,1,10,6
2363b74a0d5f66fc66830ee4e8ce0d7dfaa1b9a5, Wed Oct 30 14:27:54 2019 +0100,1,1,1
9ecc65abd79f092c209996c4c999811d1f861edd, Sat Oct 12 16:55:11 2019 +0200,2,2,2
b8b9e86cb8cd53f494d7c73c836d2f56b3d7493c, Fri Oct 11 12:34:54 2019 +0200,1,6,2
6d176914a91d03589177e69d934c12dffdfe5855, Fri Oct 11 12:34:54 2019 +0200,2,12,9
4c14ec2fb949f31966e61247b1c7b432857ab13d, Fri Oct 11 12:34:54 2019 +0200,2,24,1
4130be731700c4b679e19156e35c03244477d794, Fri Oct 11 12:34:54 2019 +0200,1,1,1
701020abf6d911d1122c4b3cf5a773fb7cf6acc5, Fri Sep 13 18:01:58 2019 -0400,2,2,2
6f15d82999821e482c076bbb799e5dd3f714b703, Fri Sep 13 15:08:24 2019 -0400,1,1,1
818e7f35fada4884b0f5dbb8778bf4379db4f2d5, Fri Sep 13 14:27:26 2019 -0400,1,1,0
2d46415b1346f164088a49638e21a088562f0b67, Fri Sep 13 14:24:41 2019 -0400,1,2,0
8f3055f89c9b8ed783684df226a853b20dd92e7e, Wed Sep 11 12:36:06 2019 -0400,1,1,0
6578b63a8ab0cc556f6afdd032609e7d5d098808, Thu Sep 5 16:18:57 2019 -0600,2,2,2
ea5877f25dab132b154916dd8f825e5cf1876b45, Thu Sep 5 15:37:14 2019 -0600,1,9,0
5d70da9a27031f5a5af68b1b0726ec268740c6fc, Wed Aug 28 07:40:30 2019 -0600,1,3,2
278fd990d06c3c3619df508c81e76ad20f106a12, Sun Aug 25 11:02:19 2019 -0600,2,4,4
fe3034afaf77dd7b902d13860eec40f6d89e621d, Wed Aug 7 10:41:07 2019 +0200,1,2,0
febb09698c76d2789598c966f6e21b89b8576745, Mon Aug 5 16:44:06 2019 +0200,2,15,6
5bae8e4460e150d218b046302d7c231580bf5ec7, Sat Aug 3 13:45:14 2019 +0200,1,2,0
ff37e4cec3a8b6c7e7fe3db87e91dadb3eecbf11, Fri Jul 19 17:24:18 2019 +0200,1,8,0
361df1f39aef70bb8ad8ab71f68e417685a53792, Thu Jul 11 17:21:54 2019 +0200,6,47,7
cb0804a5f0ea650a8ab4068058801d7f17917294, Mon Jul 8 13:59:38 2019 +0200,2,16,5
87b809b88e1bf41a9c142d22a6e29f08d992ca41, Thu Jul 4 11:15:48 2019 +0200,2,5,1
e5f1727c7175cce6e65ad700934a8e609fbf9336, Tue Jul 2 14:27:14 2019 +0200,2,2,2
bc7840be16f7e4e116cada45b7ce8a2477e6b571, Tue Jul 2 14:15:46 2019 +0200,2,3,5
f64cd4fd2935d0e71c549199937c3dd2abd6cb0f, Fri Jun 28 22:56:48 2019 +0200,1,1,1
dc9fbcbf58c72dedbdff7135a713761559dea3e6, Fri Jun 28 17:12:05 2019 +0200,1,34,29
f0c241da73ec87720c688825ffb42afe4442e777, Fri Jun 28 14:31:04 2019 +0200,1,3,1
67342d25fb4c7432c91f8e9299c778011970c1e2, Tue Jun 25 16:46:50 2019 +0200,1,1,1
868bdd798190a689ddebf1fff7c41509e73c7cc0, Tue Jun 25 16:42:42 2019 +0200,11,43,36
07b71d592d4c172f3311e91a36b65e98cae68198, Mon Jun 24 11:19:18 2019 +0200,3,48,48
9ec886debd4766d87d640f00f150fea5b1844e8d, Mon Jun 24 11:19:18 2019 +0200,1,3,2
9a21aae6d36ee514858b5dd4d1ed2b94c37a2fbd, Tue Jun 18 18:39:00 2019 +0200,1,14,3
55c348237b8e5031b18e9d4a3037ad5f9c2445ae, Mon Jun 3 19:36:40 2019 +0200,2,123,123
799b33af50d2db5cce849f16e34056c46a2fcd02, Sun Jun 2 19:45:08 2019 +0200,3,58,6
4614146eaa751755fd2dcbfe25410ade89b0b2e2, Sat Jun 1 13:25:02 2019 +0200,2,2,2
e2410120a89079056e554f8363c08477def685d3, Fri May 31 21:45:42 2019 +0200,1,1,1
b8e32dc14ce4795eed480c5b070ea4af3840ed65, Fri May 31 21:36:18 2019 +0200,1,2,1
cb5c7f30091887bef8cd972be7e1eb06ab765235, Fri May 31 21:36:16 2019 +0200,1,1,3
d0f7d79312e5cbb8cac41a8181b4ab2f15749362, Fri May 31 18:31:31 2019 +0200,2,2,2
728b986c807375c92e3b89406e227759dea8021c, Wed May 29 01:23:24 2019 +0200,2,2,2
31f9df3abd91b4c4037fdb64c47bca6dae9693eb, Wed May 29 01:23:24 2019 +0200,1,66,857
377c3938c67b9f6515c12678e9a0ade703acf500, Wed May 29 01:23:24 2019 +0200,5,982,618
1de337ad9d8ce26cae57281b92033e7e07aff895, Wed May 29 01:23:24 2019 +0200,1,1,0
3e07a906f88578b00664317af72c8803544ffd32, Wed May 29 01:23:24 2019 +0200,3,6,2
e7bfbc2405e58d21868e6731e130741cabdd1874, Wed May 29 01:23:24 2019 +0200,2,11,11
417713f678efdb682bedfd1aa678c9fca289de73, Wed May 29 01:23:24 2019 +0200,1,4,2
f3ab052835f6ffa20bad87ea6f0efdd26b53b2cd, Wed May 29 01:23:24 2019 +0200,1,1,1
fe2edb0f37b99b25d0ee20da9f99293dd8cb686e, Wed May 29 01:23:24 2019 +0200,3,29,14
003f7564512f161a22060ae75e29c6e9d8bdf83c, Wed May 29 01:23:24 2019 +0200,1,4,9
3e887a391e13a4c752e577d73dabb48bdd6b2c3e, Wed May 29 01:23:24 2019 +0200,2,6,0
0e63eafa2daf57bee7808ffae27720347d9d0652, Sun Apr 14 10:57:12 2019 +0200,1,3,1
3a0408d483f08c3a93da2875c2d0403392d4be49, Sat Apr 6 13:11:56 2019 +0200,2,2,2
477a63526047891990111604aaff456a6e54da68, Sat Apr 6 12:27:23 2019 +0200,2,5,1
76875093778639d16a95588d1dd5748313cd156b, Fri Mar 29 11:38:48 2019 +0100,1,7,0
2aecdd106f20816cee7e85902d7c517606b1e563, Wed Mar 27 18:08:19 2019 +0100,4,11,12
dbd56ac3969f3d100e945fc27599cf8ccdd098e9, Wed Mar 27 18:05:12 2019 +0100,2,12,40
3ab65261abca9e4091c0a5fd3f56a9dd2aa124f0, Mon Mar 25 13:18:59 2019 +0100,14,14,4
2254301b02b7bbccf99a4cb92b6802160ac3a401, Mon Mar 25 13:08:01 2019 +0100,1,2,2
f377ba101a729d1cb6038b196ee8a4fd6ee1ea75, Mon Mar 25 13:07:01 2019 +0100,1,9,9
6c58b00a5a30d783048dc5e1f7aa8961d739e740, Mon Mar 25 13:07:01 2019 +0100,7,9,9
e3d5a96bb3391d12e77a9eb7baa7bae1dcad0829, Sun Mar 17 22:33:16 2019 -0600,7,57,12
bea17c2bd2bcc0035bd0830e2f6592930dac574e, Thu Mar 14 12:49:42 2019 -0600,1,2,0
77e5db5286d52282459729b7580945528607eab8, Wed Feb 27 22:08:31 2019 +0100,2,2,2
5f4329244ddb2dd663dfb083dd9dc7c7f9cdc23f, Wed Feb 27 15:26:38 2019 +0100,2,7,1
cc58f5878702332bd5b619f39b2c0ab9dbdef292, Tue Feb 26 23:01:12 2019 +0100,6,129,160
4c25956de55aefc96f16ddc5324c8a304b570aff, Mon Feb 25 22:58:42 2019 +0100,2,42,20
0e4996e2c4fd414ef1554911a6401f353312829a, Mon Feb 25 22:35:28 2019 +0100,1,3,0
003a4cad434fe216190a94f675b9c0a9e183cfeb, Sun Feb 17 05:42:23 2019 +0100,1,2,1
5887bd0f7123b619dd12131a9566b1d94417bac9, Sun Feb 17 05:42:17 2019 +0100,1,5,5
eb433d8bfd4c329f4a0dd192eee1946f13ed91c8, Sun Feb 17 04:58:43 2019 +0100,1,7,0
cdae716b871b9c037fcb945d276dabe959275baa, Sun Feb 17 04:58:43 2019 +0100,1,1,1
4d47b16006f5deaa40d4965a503c6a37e12b92ae, Mon Feb 4 22:05:34 2019 +0100,1,2,2
8cff496b89f63475e9af07bc19364e4232cd4347, Sun Feb 3 21:51:18 2019 +0100,7,16,14
a3008c17fc41e1d6c1b95d518ff9c770be89c333, Sun Feb 3 18:27:33 2019 +0100,1,14,18
75f476905a1bcd013c8bee07282fd7fb1dca738e, Sun Feb 3 18:27:33 2019 +0100,9,49,25
d063dfb80911854ed273f6374b02f339a86462ba, Sun Feb 3 18:27:33 2019 +0100,3,4,4
b9a78f7f25adc1819d459ca28af8bc519aef143e, Sun Feb 3 18:27:33 2019 +0100,1,9,0
dcbfb3f6fd537eb646566bfc8128a7c530040044, Wed Jan 23 14:30:28 2019 +0100,2,2,2
49c240044ca638128a35e4fc55d86c727d3b2b1f, Wed Jan 23 14:29:44 2019 +0100,6,28,8
f43eabd5616d5dd114b1818867e4c51d3c24dbd3, Wed Jan 23 14:29:44 2019 +0100,4,10,17
a2fad76b15bf650942f373263cbfab43d12a3939, Wed Jan 23 14:29:44 2019 +0100,4,4,0
d1e647e0cb60d7e56b6f3cb0149d0116d209cf83, Wed Jan 23 14:29:44 2019 +0100,1,1,1
2be8b99520a1e53edc0d276292024ca632c756b7, Wed Jan 23 14:29:44 2019 +0100,2,2,2
f63abcd5d7a8c88dc02af87297acc879f6845bd9, Wed Jan 23 14:29:44 2019 +0100,2,6,2
81286d78f5d7655a3cf9d3c61403363bab5f4be9, Wed Jan 23 14:29:44 2019 +0100,2,2,2
0c6958b2e3d6c01e13038fa690036ccbb922cce3, Wed Jan 23 14:29:44 2019 +0100,1,2,5
85c0fb842f2987a3d70a0b7df16a3733b66ee8c4, Wed Jan 23 14:29:40 2019 +0100,1,1,1
962d7c947da268bec508bd17a1b6d5e4df07b943, Mon Jan 7 19:26:10 2019 -0500,83,84,84
fd3276b09caec20156775965f2abf267f044b909, Sun Dec 30 15:59:30 2018 +0100,1,7,0
45631d0203e9470896b1c03026a8ec256b58eda4, Tue Dec 18 16:42:51 2018 +0100,2,2,2
26befc0011fd1cbdbae3d416c37cdfd24c25ea39, Tue Dec 18 14:41:48 2018 +0100,2,7,7
c96acaaa41f70d2693660cfe626c17f8dda01e76, Tue Dec 18 14:41:27 2018 +0100,1,4,4
25947ee638d59d4e850672e986e6f35492dfa2f7, Wed Dec 12 19:06:32 2018 +0100,1,1,1
4fe37a0343f3c341ab112607736caac8746d2db1, Fri Dec 7 06:11:21 2018 +0100,1,2,4
5e28bca364c6e8cc44f994c8e3aad8c639b092e1, Fri Dec 7 06:07:35 2018 +0100,1,1,1
0616ed746d2e35994f9c7f7c2da9b15d1bb4d51d, Fri Dec 7 06:07:35 2018 +0100,3,69,75
96b07d8cfba75ac4ba49b50117bceac966c0030f, Mon Nov 19 19:59:54 2018 +0100,1,1,1
2a00a35a83b258e6325e687113140ae0b6ee110f, Mon Nov 19 18:23:52 2018 +0100,2,2,2
a3ff11e6088a16a57ec5b546c2203893db04ab57, Mon Nov 19 18:07:11 2018 +0100,3,73,1496
872835fc9ca5e2939291fa2d40a4ff2fd021a51e, Sat Nov 17 03:01:30 2018 -0800,1,43,31
618b0bc6a9de77f98b8f052aac1844198a739bdc, Fri Nov 16 17:26:16 2018 -0800,2,9,14
685140936adb39a6b80bebb80849a535577e3241, Thu Nov 15 19:13:18 2018 -0800,2,39,30
2fd82b1cd412149be9376ccdf408395a07471b58, Thu Nov 15 19:00:02 2018 -0800,1,6,1
3a863851b90dc11e66982e053ded553adf43ddc0, Thu Nov 15 18:52:11 2018 -0800,1,3,3
991ee63b24d6ae6e73ebe1fa00b72c3b904303ca, Thu Nov 15 16:31:53 2018 -0800,1,6,2
cf5a4c700607ad05bff1e7f6587003ff65ea9146, Thu Nov 15 14:06:44 2018 -0800,2,29,27
e169de7c6cf6fdc713d643cfe45bebec03aeb65f, Thu Nov 15 12:02:55 2018 -0800,2,2,2
dfe3c11022d3ccd9fbe933a224a43cdeddf07851, Thu Nov 15 11:49:49 2018 -0800,1,1,1
eb531fdd490b5b870e56d2ff9802c4bc5cee7237, Thu Nov 15 11:49:49 2018 -0800,1,20,11
0ab876e9ae3ce0a9fb253324d36b56cd1445b658, Thu Nov 15 11:49:49 2018 -0800,2,38,20
789e2c33095432e2d62fa01eb81e99e543065f33, Thu Nov 15 11:49:49 2018 -0800,1,5,5
2a477b10f47b045255f64aaaeeb07504481b8ca5, Thu Nov 15 11:49:49 2018 -0800,1,291,220
0f62a862e752bb033b9c1886a2bae7528db65063, Wed Nov 14 23:59:05 2018 -0800,1,23,23
44a0fcb56174ce297a7fcf584bd165a427e68435, Wed Nov 14 23:59:05 2018 -0800,1,71,71
204a4a778a132804ee34d5479065f87daececbf7, Wed Nov 14 23:59:05 2018 -0800,1,129,129
91043a9641469eb3316b18f62b408a19aa5c66f7, Wed Nov 14 23:59:05 2018 -0800,1,8,10
56b6981182b2201c8486eabcfabd814bb834e844, Wed Nov 14 23:59:05 2018 -0800,1,235,236
0a70a49b232a8a578d0706f5e34aede2b04dacee, Wed Nov 14 23:59:05 2018 -0800,1,39,0
7fc7454e8808e17a31c26ad9e277cd2934e69882, Wed Nov 14 23:59:05 2018 -0800,2,116,68
44e2ef7b23f4b68008ed5c910a7cb881f9c0939f, Wed Nov 14 23:59:05 2018 -0800,5,9596,5424
5c67177dcc6a23ceccaf8e69daf92a8a12212732, Wed Nov 14 23:59:05 2018 -0800,4,11,8
cc36bde00d67f15d8657c2fa6f450dccf4fb76b7, Wed Nov 14 23:59:05 2018 -0800,15,5573,6107
8813c7d8d2608aca8d451b3cb4d7f3285c043691, Tue Nov 13 00:34:16 2018 -0800,9,19,22
30322cc25c31a20503d8a162a95eeff3baa44416, Mon Nov 5 01:29:00 2018 +0100,2,3,0
70210e26b4ba3a6ed0e74e8d5794b41431466d7d, Sat Oct 27 14:20:00 2018 +0200,1,1,1
4634dc72569a5bad2cc64cbec4a611a05b37c547, Sat Oct 27 14:20:00 2018 +0200,1,4,5
1a9dc27c361f3fdcaa8c2fc103dfaf0fa0a1e0a7, Sat Oct 27 14:20:00 2018 +0200,1,7,0
a89d53098dbde43f56e4d1e16ba5e24ef807c03b, Sat Oct 27 14:20:00 2018 +0200,1,11,4
a57da43f66df71031713e440da54ec92206654c8, Sat Oct 27 14:20:00 2018 +0200,1,1,1
f33fec86c011033103c0ab572ffe8e6e36d9ed24, Sat Oct 27 14:20:00 2018 +0200,3,6,17
4ddf81d009853bf094ef14c97939407714f587be, Sat Oct 27 14:20:00 2018 +0200,1,14,11
f3fb09a475ef5e06c7cf57df8ca86afecec913d7, Sat Oct 27 03:11:31 2018 +0200,1,1,1
8126e28024f5b34d1e97ac377040655e4d2b23a9, Sat Oct 27 03:11:31 2018 +0200,1,13,35
377d89defdacecbf28be3bf58d8fb001930c5e15, Sat Oct 27 03:11:31 2018 +0200,1,14,12
5084348e6cc7f064937f186a967fd0b394dde92d, Sat Oct 27 03:11:31 2018 +0200,1,24,24
a82503f55015e9fcf4fccbedcdb080c7a584c928, Sat Oct 27 03:11:31 2018 +0200,5,15,4
31384d62f72c559abc11487195529f0b93be3a72, Thu Oct 25 23:19:50 2018 +0200,1,70,63
935d0d09114f28e9aeda293fa6c1bcb110bf9c3b, Thu Oct 25 23:19:50 2018 +0200,1,4,4
18eebcca8234bcfd1176721e6adc5e63af675291, Thu Oct 25 14:49:32 2018 +0200,4,17,14
a79b6ac0060964f48ede730a23ad197125f565a3, Thu Oct 25 02:53:26 2018 +0200,2,42,12
2bbd3010bbe96b238233662a3c071a3319110162, Thu Oct 18 00:09:53 2018 +0200,2,2,2
5c562cc8dbb6af92aa4c73018fb758be84c718ac, Wed Oct 10 03:31:01 2018 +0200,1,1,0
1564e913bf02a924116497bdb8c1b994298c0465, Tue Oct 9 01:57:47 2018 +0200,10,40,27
11d9063c3d2084a6eeb78aaaf5cadc9b8a2ff437, Mon Oct 8 22:24:04 2018 +0200,1,1,1
125caf2f2fce9491deacf349f6115bf6f896ff66, Mon Oct 8 22:20:56 2018 +0200,1,23,22
1517e939227b8306fc69604c3ad855efea392545, Mon Oct 8 19:52:47 2018 +0200,1,9,6
b3e330d12b0778cb0dc28b7d646c038d8e0b5613, Mon Oct 8 18:51:34 2018 +0200,1,23,8
6769955cdfd509b446d18ec989275bc18ec29236, Mon Oct 8 18:51:34 2018 +0200,1,119,68
2ae6cad8f509759e6ce8ca4e8a6c18ea5aabc605, Mon Oct 8 18:51:34 2018 +0200,17,91,83
1027c1fb4493130ed9df96fd4092c4bf9c599b82, Mon Oct 8 03:38:12 2018 +0200,22,220,231
021084071d57c47c9aabe9c3fcd9be8fd870fa0e, Mon Oct 8 03:14:52 2018 +0200,2,17,24
ac7840ec9cbd876415c0d90167f4d601d7ebacd9, Mon Oct 8 03:14:52 2018 +0200,1,1,1
4ad61afcd95e4865b4cf568b35dad074914d65b3, Mon Oct 8 03:14:52 2018 +0200,1,1,1
60e2e7ad61648cf5fb18f79c8c8362623227635a, Mon Oct 8 03:14:52 2018 +0200,1,2,1
b09de1f158b7b4ed69265edda4c411791602badd, Mon Oct 8 03:14:52 2018 +0200,9,95,90
ba483b05385c35d3863921eec72292c349292a7e, Sun Oct 7 19:01:08 2018 +0200,1,2,2
dec1d630b63e43904d79cfbeff22acd7fbe680b4, Sun Oct 7 17:13:33 2018 +0200,2,2,2
4879a1dbeeaf75bd0d13899b21276afd45ead6db, Sun Oct 7 16:35:54 2018 +0200,5,30,32
59ddd348959aa2d52976397e0f0e81335bc502ec, Sun Oct 7 16:35:54 2018 +0200,9,11,11
3a4ec05eebf01835948799fc98fe45cff70f2cf7, Sun Oct 7 16:35:54 2018 +0200,1,12,0
15083f5e837b6ee0b67b6370ca37a6dceda0a810, Sun Oct 7 15:30:30 2018 +0200,2,2,2
214cc189aad68868c0ac390dc12981747bbbb858, Sun Oct 7 04:23:23 2018 +0200,1,2,2
2d9f583e5ceb3ec38b28678d935c107a339cf6cd, Sun Oct 7 03:59:44 2018 +0200,1,8,9
6548aad834639990f407a24a5de38c2eb435dae9, Sun Oct 7 03:09:45 2018 +0200,1,7,0
318893096ba2474c83cfd7b4f8ba4cb163b53430, Sun Oct 7 02:24:31 2018 +0200,5,24,23
b4484a96aa8488ed8e4f04d6947af23677504fe7, Sat Oct 6 06:01:11 2018 +0200,1,25,0
c1230ed0e553709f4490ff09b06631be795ca7cd, Sat Oct 6 04:34:23 2018 +0200,2,2,2
15278beaa6f5a416725f9be9212323e8c19e57c4, Sat Oct 6 02:19:47 2018 +0200,20,82,40
ff0f6e667ff877cd605d2b107c897b039f9829d9, Sat Oct 6 01:03:16 2018 +0200,25,34,34
44f0a766097d862e4e2d225d1e33986807baf37f, Sat Oct 6 00:48:12 2018 +0200,2,34,20
2884f04e0851c83e7a9fe725e56fe28a17f9522e, Thu Oct 4 14:59:12 2018 +0200,1,12,12
68ff6b52ccc0afe3837e47627150b2c60befcbb8, Thu Oct 4 14:59:03 2018 +0200,1,27,58
a9fa42240de0dc30fddb70912c89948692b4c135, Wed Oct 3 18:42:37 2018 +0200,1,5,2
bcee2a1b842d022187c3422f4ccc150048b15166, Wed Oct 3 18:38:22 2018 +0200,3,4,3
0769875840b9941fd9929d75e7cc276d6ce96cd3, Wed Oct 3 16:31:53 2018 +0200,1,1,0
86c36d843f68133412929358a06e1446ed81fcdd, Wed Oct 3 05:24:13 2018 +0200,1,2,2
a538792c3f5a0eec31cb22e9e30b57272df601e5, Wed Oct 3 03:20:00 2018 +0200,1,9,6
12ec009136ef4558741901643be60915947ebe99, Tue Oct 2 15:26:03 2018 +0200,1,2,1
8c990653050ed7f4c9a6155b0960151dd5e85579, Tue Oct 2 14:37:53 2018 +0200,1,1,1
c0ac7548f16b472f8d1dbb67782bb8fbfc875e92, Tue Oct 2 14:37:53 2018 +0200,2,22,2
db3b2ee65fec9d5649bf22df2776b33647927567, Tue Oct 2 14:37:53 2018 +0200,3,8,6
efeac267d97caaaf53ce74d9cb22df8ab244db30, Tue Oct 2 14:37:53 2018 +0200,1,2,3
4be0129ef170acbb259599293d28ee6e9c1848c5, Tue Oct 2 14:37:53 2018 +0200,4,19,27
30b08000fadb23358e48b382afa2097339ee9bba, Tue Oct 2 14:37:53 2018 +0200,2,20,0
780269c181e73de1ccb4de3b42dee87754182058, Tue Oct 2 14:37:53 2018 +0200,2,9,9
26a82eb11ce80f9f82cfdd3f3e9353c1d21e822e, Tue Oct 2 03:41:49 2018 +0200,1,1,1
6c470a7f5f5e3c115dce116b358df97bb3ebb37a, Tue Oct 2 03:41:49 2018 +0200,5,50,45
8451e85a596dbd8f9f961f49a3e7ee09ac82aa10, Tue Oct 2 03:41:49 2018 +0200,2,18,1
5e7b0892b652d45a50257c0a32c5a30010598332, Tue Oct 2 03:41:49 2018 +0200,4,3,4
2e252d1def72f6c626e88515bb0b88a731a9ebd3, Tue Oct 2 03:41:49 2018 +0200,4,3,4
411bbf2867f4d6cb00570827daf5c5068185ea17, Tue Oct 2 03:41:49 2018 +0200,5,5,5
0bdf893c13cdf534911487a533d9cc814b7fa906, Tue Oct 2 03:41:49 2018 +0200,2,24,16
e47261ac1601233eaff2d538f48035978811465a, Tue Oct 2 03:41:49 2018 +0200,1,3,1
a8af31524ad8fb036b03a67823d8372e509b41d9, Tue Oct 2 03:41:49 2018 +0200,28,627,605
09e85633a7c689f8e605f5ae544b83b7940a1437, Tue Oct 2 03:41:49 2018 +0200,1,10,5
1eee8d7aa0740a86c6109f181689be49e58175be, Tue Oct 2 03:41:49 2018 +0200,3,15,11
ab089022b5591cd04d3f3495714eac51dc4b4f56, Tue Oct 2 03:41:49 2018 +0200,1,28,14
c7982a3996201f48c7f07ffa12698f647ede2e14, Tue Oct 2 03:41:49 2018 +0200,4,49,29
60bacab97d60b951347b3f100c17f64b408b8b59, Tue Oct 2 03:41:49 2018 +0200,4,54,23
791c515a0da6020820786a63324db9af51896e33, Tue Oct 2 03:41:49 2018 +0200,2,27,3
488b7567098aee76b3d55e4bc6d4e642fb2e526d, Tue Oct 2 03:41:49 2018 +0200,1,5,0
cfa6a82310de91038a153a2b5d011d5f08573285, Tue Oct 2 03:41:49 2018 +0200,8,73,135
ae383dd701c0f27349893d4fbd48c7b72a39b92a, Tue Oct 2 03:41:49 2018 +0200,1,1,1
5177640165ea46c981092e041aee2974e59fe9d3, Tue Oct 2 03:41:49 2018 +0200,1,4,0
6be4d32b26c0ff5603edb3067c18bbb96ddb302d, Tue Oct 2 03:41:49 2018 +0200,5,43,4
38c18b1364f7afa358b1a96464c0a4d6f737c78f, Tue Sep 25 23:26:35 2018 +0200,11,59,59
b161ec0f59cb93132fe6289f2b19a2fb7f893595, Tue Sep 25 20:05:17 2018 +0200,1,5,1
101662234514a94da68bc3746f1b1b79801eeeb4, Tue Sep 25 19:35:44 2018 +0200,2,3,3
b2eff7a7fd18afe5f15250ebda36b3e70b5172b1, Tue Sep 25 19:35:40 2018 +0200,2,21,21
c2aa4b7e7e35974a8740f189c20b767e795bddbe, Tue Sep 25 19:23:15 2018 +0200,1,1,0
faeabde4e6a1e7fb66069fdf5044c1d8cf470ea2, Tue Sep 25 16:46:42 2018 +0200,2,2,2
b3ff330ddfe78baf46d94e1194a7985bfa65793f, Tue Sep 25 16:26:03 2018 +0200,1,1,2
d2e7b340a979ed8d0945539c6dbf5d19c022a26b, Tue Sep 25 15:56:36 2018 +0200,1,45,1
17f64817393f6f36f012da8a5b3a6bd60d4c1e1d, Tue Sep 25 15:46:49 2018 +0200,1,94,79
5b46a8c6ae38ef48e7fcb76403e92d9ce62e7ad5, Tue Sep 25 04:25:42 2018 +0200,1,1,1
6b7d734ee75319cc421c57f47d295ed911033947, Tue Sep 25 03:01:21 2018 +0200,17,168,168
3106f71185676be1b95a814e9015525dd17ab19c, Tue Sep 25 03:01:21 2018 +0200,8,46,42
53f59997f15cd60793d1ed15c62852928e79589a, Mon Sep 24 17:48:50 2018 +0200,2,1,30
4a24acf4dd934b6084b3182326dfe28114a08e29, Sun Sep 23 21:59:04 2018 +0200,1,273,310
4072d642206ee3a4950dc4ba68f3801008b1cfd1, Sun Sep 23 21:43:12 2018 +0200,1,1,0
94549a595c7ff6a2040d11009b14576c64ee9b88, Sun Sep 23 17:05:23 2018 +0200,8,16,27
dad4e5d2e29f3e19f95982bf3e468f0f965379ce, Sun Sep 23 17:05:23 2018 +0200,1,33,47
aaf28f06911c49506125a7dce36b552512be7e76, Sun Sep 23 17:05:23 2018 +0200,1,4,6
05eedf2288b5f9b1a86a7ca4efe31835369302ad, Sun Sep 23 17:05:23 2018 +0200,1,9,2
a2ade5f157ed59c012b4d66438a496529e030411, Sun Sep 23 17:05:23 2018 +0200,2,1208,569
97df8918f17323fb3f8c653243e637824b5e353a, Sun Sep 23 17:05:23 2018 +0200,2,16,9
72d89c6747384cc11aad0ab7052be4a260a0b512, Sun Sep 23 17:05:23 2018 +0200,4,36,27
27d9a33a0e117558a42f6642f753e52388be45ad, Sun Sep 23 17:05:10 2018 +0200,2,2467,1160
1e4a1352ce4d4e6bc883e3e520e62d1d00c9f909, Sat Sep 22 02:56:07 2018 +0200,1,48,39
da44b52039c58f73ae25b45598105ca7ef3fe275, Fri Sep 21 16:05:22 2018 +0200,2,143,179
f61fb1b86c28225353ee67802b512c8529d21fb0, Fri Sep 21 16:05:22 2018 +0200,6,599,732
08edd02db06f9dd424bc023703fed8ea8c42c97d, Fri Sep 21 16:05:22 2018 +0200,2,69,107
5a529d60ad7105b8ee8cc31996fe6cb4aecfc60e, Fri Sep 21 16:05:22 2018 +0200,1,1,1
eb7942380a4cc4d772a8c9e57974918480868336, Fri Sep 21 16:05:22 2018 +0200,2,23,32
c49fb7ea293e66e1efb068999cca040fa21dec31, Thu Sep 20 19:41:22 2018 +0200,76,152,152
a9c625a9ad963f70fd68c61c714d517ffba2b88b, Thu Sep 20 19:41:22 2018 +0200,1,4,0
111bb8f3b2ba4ee9b3899946df17f06a25728cc4, Thu Sep 20 19:41:22 2018 +0200,3,10993,9458
150e630048e90351c24e962b50a8f44cdf3fcff9, Thu Sep 20 19:41:22 2018 +0200,1,11,10
d1a6b17e727cd3f6d585db1937b5b22a24257cd3, Thu Sep 20 19:41:22 2018 +0200,41,41,41
df49ba633d2996d5833b69f454a5bd3b5ccc0331, Thu Sep 20 19:41:22 2018 +0200,3,131,26
d84f598f5c080c730b3b5f4bbd284acf06b23002, Thu Sep 20 02:07:56 2018 +0200,2,3,3
cc2113b5b27c7ee45711df05c49a7d05bd0a934e, Thu Sep 20 00:57:59 2018 +0200,2,31,5
afdd509ad206e0a3858118ac4c26fbc709af3562, Wed Sep 19 23:29:45 2018 +0200,1,2,2
cb8af686daad9b45451a91906441f9749ea3ed71, Wed Sep 19 23:29:45 2018 +0200,3,19,40
57fd00dbd4da0c9ba6da84aefb80f4f4920a051c, Tue Sep 18 17:27:14 2018 +0200,1,1,1
2ff5033211da73fffe10c29baeaf4779783a6512, Tue Sep 18 16:41:25 2018 +0200,2,2,2
db4436a27611248669b675c06869a73240bfd4f9, Tue Sep 18 16:33:11 2018 +0200,2,1188,0
c10704254d5147ecc076df8ce79ae338c7e4f76a, Tue Sep 18 15:00:53 2018 +0200,1,3,3
d46826532803c8fb9b3f63375c3d6f69df6e6ba9, Tue Sep 18 14:30:48 2018 +0200,1,1,1
39ccd042f98e3a151fa74b8d0351899affecf6d4, Tue Sep 18 04:21:16 2018 +0200,1,1,1
9a2f6963065576df10aff603411ecc96b3981995, Tue Sep 18 04:21:16 2018 +0200,1,7,5
f0ea799b1b0e920e4fd00d977dffa240f527bbee, Tue Sep 18 04:21:16 2018 +0200,6,33,9
79d03265d419bf9021144ad32a40cae8991ced97, Tue Sep 18 04:21:16 2018 +0200,1,4,5
8cc2a9abf92650af80d2343473a1142665a857dc, Tue Sep 18 04:21:16 2018 +0200,1,2,0
023db2863e36fe648b62e21c30fda0f38765323b, Tue Sep 18 04:21:16 2018 +0200,25,172,54
1906c279fbe3420e31a5a48a19b6daac5fbf1904, Mon Sep 17 23:40:54 2018 +0200,14,34,51
61450db1388ad8ef0936c114da8cbd2192fc2dc6, Mon Sep 17 23:40:54 2018 +0200,1,14,3
514841a83b3ffe17aecd62345659254891333218, Mon Sep 17 06:03:38 2018 +0200,1,2,1
b5d6181c6f56aaaee4da1a747e84a54b769df0a6, Mon Sep 17 06:03:01 2018 +0200,17,129,109
399d5bb850b0e0d0269ef14bb52720221cb526a4, Mon Sep 17 05:16:35 2018 +0200,1,3,3
cda3dc51520680d52df56fd22f42db4e64c84600, Mon Sep 17 04:36:24 2018 +0200,8,14,22
bf7d9c0523269ed7f99f58e8e67d4fb37ba51209, Sun Sep 16 18:52:47 2018 +0200,39,39,39
bde7e0ccab2255fc118c298cf00b757b7a890779, Sun Sep 16 03:39:32 2018 +0200,1,5,0
690642c42e1e3faccc0d6015c2cfc928a2696f2d, Sun Sep 16 03:28:38 2018 +0200,5,23,30
611b057736d735b1e15a54e4781c8ce2c6a5c2ab, Sun Sep 16 03:21:08 2018 +0200,2,2,2
dc8f89a895835e92b790ceeec9f870d75867cfe3, Sat Sep 15 22:15:23 2018 +0200,1,2,2
47cebf9b23441ca8c7c7f16efc7057529c2a649b, Thu Sep 13 19:59:36 2018 +0200,1,1141,1141
70d2d999761bf913f26299f748041a989ff2d983, Wed Sep 12 18:53:11 2018 +0200,2,18,6
1a6ae009c4d296f6cf70656d167932b2e8afa04a, Wed Sep 12 16:17:47 2018 +0200,1,1,0
13f9a92bc25c2b27fe4ff1057b08ddad2987d0b4, Wed Sep 12 16:17:47 2018 +0200,2,3,2
95e8261773b8598ac448f49ad308a37677d69057, Tue Sep 11 20:06:05 2018 -0600,5,13,13
39f3c1473c21723b1d658e6c2b6726eaf990c161, Tue Sep 11 15:02:32 2018 -0600,1,3,3
38bbbaf384383a0dd6b4e13488e795befc05a17d, Tue Sep 11 14:41:47 2018 -0600,1,4,4
081be6b5a44f6ff831fbd31c67a54dc7f96ce2f0, Tue Sep 11 11:42:42 2018 -0600,2,7710,7704
d46b623e2fdf38aa0304f1eaf01fbdbf1f313b2e, Mon Sep 10 19:31:11 2018 -0600,1,2,2
190ddda8a57625f9c79076085709d5e138937b54, Mon Sep 10 18:48:05 2018 -0600,2,2,2
8579fd7d89d7c5cb2139e4b1a17b8a0cd4a0539e, Mon Sep 10 18:03:52 2018 -0600,3,398,183
446882295022e7ffafb712853d921cc7d994a845, Sat Sep 8 11:25:32 2018 -0600,1,831,1529
2b1d77adecd8a93f4cf3582abd324cf40b4280a1, Thu Sep 6 21:07:22 2018 -0600,2,4,0
1c896512cb783adfb82930c9ebd0421de245858f, Thu Sep 6 21:07:22 2018 -0600,5,8,8
734021d08b6381e0430d2a6278aeb3ca4c70c72a, Thu Sep 6 20:45:01 2018 -0600,2,14,0
ae7244a473338ef93b2f54e6284b4cd01fd13932, Thu Sep 6 19:59:05 2018 -0600,9,27,23
f103258da1961c1f7d2aa11feb48f7c9376c137e, Thu Sep 6 14:08:45 2018 -0600,1,3,3
75d1ad0e24fb72bfb9fcf58982b9d6d4194f8816, Tue Sep 4 12:18:54 2018 -0600,2,2,2
4a10e55f47e4e9310d968f3756a0b66dc65158c9, Tue Sep 4 11:18:58 2018 -0600,6,17,17
4ed60c09ee40f22f99afd59f3ff94866b7aa0cc4, Tue Sep 4 11:08:29 2018 -0600,12,31,40
93b6e83e4faa8de6247e0e46d5060ec543befef8, Mon Sep 3 23:52:11 2018 -0600,6,27,26
07dac52be6336be4a77a399fd7928802711fb77f, Mon Sep 3 23:52:11 2018 -0600,54,13138,6550
6a4e34f63be70ea96851e593172e0d3773086219, Sun Sep 2 23:59:44 2018 -0600,1,83,81
e3284e370e8bfa6f95549612265b16208a21b56a, Sun Sep 2 23:59:44 2018 -0600,3,17,3
24a1007e2dde304868e59b3301e23db11df679f2, Tue Aug 28 23:20:47 2018 -0600,1,18,18
a8138346ce1705c6f8eb16aab5803555c3462517, Tue Aug 28 23:20:43 2018 -0600,1,88,88
6e7ac1351e42ecb6ca9cef597a9eaddfadd967aa, Tue Aug 28 23:20:37 2018 -0600,1,6,18
3182e7d5d0cffdb473b95cd01cfa82e798625269, Tue Aug 28 23:20:33 2018 -0600,1,2074,2074
1cc6ce399d00a741b8a2a1f5f38c90259240594c, Tue Aug 28 23:20:29 2018 -0600,1,30,33
03b69d66e9fd4020a83cde2915dfd63d25ebba4c, Tue Aug 28 23:20:23 2018 -0600,1,2096,2096
4e1e81681a5369fe5659401ea1deb3072f6df098, Tue Aug 28 23:20:13 2018 -0600,1,2,5
3983ac3ec246ed537bb049aa44c6db8dd4e6586a, Tue Aug 28 23:20:13 2018 -0600,1,19,6
470a0a36d579980431361f23e8f319d5c68aa4af, Tue Aug 28 23:20:13 2018 -0600,8,58,55
4e71a11616a7763219e23bd34708751a702c80c7, Tue Aug 28 23:20:13 2018 -0600,1,2,2
9a5f03e08aeda3af222c895f8859e35b483e046f, Tue Aug 28 23:20:13 2018 -0600,1,53,53
a18329341368fc9b9b19055736aa9731bf81ec97, Tue Aug 28 23:20:13 2018 -0600,28,1654,795
df16bb7303cffa7c16c58c1c38844cf9c26e46eb, Thu Aug 9 19:18:16 2018 -0700,2,2,2
ed1b3a4fe8f3b27d47b65bc4f7cf5cd19ec199a1, Thu Aug 9 01:22:05 2018 -0700,2,28,2
dc1315ab86fdc2d2a43130e2b133ff996038090d, Thu Aug 9 01:22:05 2018 -0700,2,2,2
6eb23d0bfeb82b9fbebb43fc66a00cdde15c67c2, Tue Aug 7 18:13:22 2018 -0700,1,1,3
913b4e55505b4ca638c025163ebf3a7ce01f8b9e, Tue Aug 7 17:25:07 2018 -0700,1,3,8
68550c35a4e0e365bb7d8d2c338bce6aa6294396, Tue Aug 7 17:25:07 2018 -0700,1,1,1
829b062cf5403089d3deefcff32e511e084ea978, Tue Aug 7 17:24:47 2018 -0700,1,107,107
6fcc099a7c431d2034c1362a8a6650cef023bc88, Mon Aug 6 20:40:35 2018 +0200,1,8,1
1f48f64fb5387c3021f4288ea3f8b119fe25f97d, Mon Aug 6 19:54:29 2018 +0200,1,3577,777
1a72c38631b775529ba63aeec1f35df7080be609, Mon Aug 6 19:25:29 2018 +0200,11,153,147
9160aae97794bac985d8dcb644a12c944fb11d33, Sat Aug 4 16:40:06 2018 +0200,1,10,16
f1ccce3fccbf21422c18fdc45fc89cc5af46b290, Sat Aug 4 05:14:15 2018 +0200,4,12,14
875c926fc72a1aa847c215534ee49c36106d2b56, Fri Aug 3 05:19:55 2018 +0200,2,2,2
c208eee97fc550513169355805307cb629de8838, Fri Aug 3 02:31:40 2018 +0200,1,5,5
9f4cc375561f34a6512f3789edbbd3d7a900145f, Fri Aug 3 00:14:18 2018 +0200,11,148,110
7dbb9eec2638b41a0b95f3ca196d3c3a8550173c, Thu Aug 2 07:40:26 2018 +0200,1,11,11
d5341417e85ae7f70a98d5b55cfd99a14d2aa0bd, Thu Aug 2 07:40:26 2018 +0200,2,19,14
2b4023d7cadae4a712de768196171bafc2af24b7, Thu Aug 2 07:40:26 2018 +0200,4,33,5
f4386a6cd283feda410b6969db08b8681cd5fe4a, Wed Aug 1 20:54:47 2018 +0200,1,12,0
ad1e336300c94d5cdc13cd71516e30d2036d5ef0, Wed Aug 1 19:24:04 2018 +0200,1,19,13
ca85226a5e7df658084a771300b3394e15b811f1, Wed Aug 1 19:24:04 2018 +0200,2,8,3
2ed11903fb8e9330f16699026e5b4f2ff156f803, Wed Aug 1 06:42:35 2018 +0200,1,10,8
8918d2950dec300b35fa470afbf089d8f3f0a906, Wed Aug 1 05:53:31 2018 +0200,1,6,0
afd339581cc169de843b9fd609e8d3a6176c29d3, Wed Aug 1 05:53:31 2018 +0200,1,5,1
97919beadae1fd9f4b2769233cd6704a1a520450, Wed Aug 1 05:53:31 2018 +0200,2,17,17
9afa21904205a155ad6440896c409bd2c731e1e5, Tue Jul 31 20:58:18 2018 +0200,1,210,69
4fbf945db59dc01af2ba2e5aaf6fa6c7fad7ff17, Tue Jul 31 20:19:24 2018 +0200,2,2,2
369494f1f8d5cca0d15521778463d67b77ef1dac, Tue Jul 31 20:05:55 2018 +0200,1,1,1
008318185bd061a9d0496cc266d055fa5a9cf314, Tue Jul 31 19:59:58 2018 +0200,1,1,1
51f00a42f66099535c7c526d4c58acd5e9bb17fe, Tue Jul 31 18:40:48 2018 +0200,1,2,2
a9028bcef0834e9fffc93f44d7cbc500758a23cd, Tue Jul 31 17:19:35 2018 +0200,2,1,0
9db4e539d8af772d9586934ea23faedefa77fab5, Tue Jul 31 07:19:52 2018 +0200,1,1,1
488b7dcba7a5dcf5d65349992c7fc32b3d9c17d1, Tue Jul 31 07:19:52 2018 +0200,9,23,30
0c942d003c4291fe05d0de296ac040c7b0d0503c, Tue Jul 31 06:12:57 2018 +0200,2,8,4
d2bb749d103a74324af3075adcd28b1fe577f9e4, Tue Jul 31 05:27:05 2018 +0200,3,2,3
981a0bd665f2eb5b0eb7625969ea588c3c67ed20, Sat Jul 28 14:51:19 2018 +0200,1,18,21
06bab82a51b769ca96297d09ed96afcbcfb36189, Sat Jul 28 14:51:19 2018 +0200,1,26,40
2ff62d8431b18db111c126dd2ef26e5417da1c62, Sat Jul 28 14:47:25 2018 +0200,1,3,3
7570a39724d19180ca1c62e4c960e1c19fa0756f, Tue Jul 24 18:15:17 2018 +0200,1,2,2
3b2c7056e82ff584ae5195e3badbfe9814a50642, Tue Jul 24 18:15:17 2018 +0200,1,16,10
42af90b5fa44c984b1b1c55da79e9f42ff20376f, Tue Jul 24 18:15:17 2018 +0200,1,1,1
69fd897251d55ddbcdfa0ccb8f7ca5427fdd3c18, Wed Jul 18 21:20:48 2018 +0200,2,2,2
1bd1d9660edf224c7b056a5df0b2ee4e526214c1, Wed Jul 18 19:48:17 2018 +0200,2,10,0
f230add201d4963d97a09dcd9223900711fd1085, Wed Jul 18 17:31:04 2018 +0200,1,1,1
0699752495b061ee8ad13e0ea0ee0bfed9e747e7, Thu Jul 12 16:05:51 2018 +0200,1,1,1
88f864e839acad65e48652f37cc7b6b8f984c49e, Wed Jul 11 17:16:31 2018 +0200,1,3,0
ee8e78b96cc2c52bfe4eed14ad9d30698551739b, Sun Jul 8 18:48:08 2018 +0200,2,2,2
5221eceb39a8a4f9bd637ebfa7c0f9c0958e8afa, Sun Jul 8 18:45:41 2018 +0200,6,45,17
ca76b1066fc8d61ed63617893257c511b9af020e, Fri Jul 6 17:41:08 2018 +0200,1,8,8
350e9c36f46f4b8deb271eb22951cc38ca8fe22f, Fri Jul 6 17:36:35 2018 +0200,1,1,1
09cb05bdf26a5e865c2a826d2f190ab6456a53c8, Fri Jul 6 17:36:35 2018 +0200,1,6,1
03086abb5da4fcdb0c60c831abb40565c4d23891, Wed Jul 4 23:06:56 2018 +0200,1,1,1
0f9770131249d628bc5e445fddaaf8c69b974017, Wed Jul 4 17:16:28 2018 +0200,1,4,1
e67ccf5c434c392d38dcc35e45e28f8f4c908976, Mon Jun 25 19:28:12 2018 +0200,2,2,2
a57bbede0c0a7b5ac9cb8e9710723d9099c5825b, Sun Jun 24 05:02:51 2018 +0200,1,8,3
245f0bd331330c80e28e56e95c85ebacf7570ac2, Sat Jun 23 19:12:51 2018 +0200,12,26,26
f8b3991e881a64f47412082ae15c08285eb6880b, Sat Jun 23 06:08:37 2018 +0200,15,69,64
66518b5ce61f74375c120a872a168585dc392ba7, Fri Jun 22 04:09:39 2018 +0200,2,2,2
fbd2ff0ef2f80a8b4c16a3ce53727a83b00ac620, Fri Jun 22 04:09:39 2018 +0200,1,1,0
8fff7fa74a04892fe13cfc932f66f29330901930, Fri Jun 22 04:09:39 2018 +0200,1,1,1
0b6b96af63ae3ebd2159725e9015a83b075a62c4, Fri Jun 22 04:09:39 2018 +0200,1,1,1
026b865cfd1e65e627037a0699db456dad1b9046, Fri Jun 22 04:09:39 2018 +0200,1,1,0
8a3b6d0b0c365437be8e35a725a689697168836e, Wed Jun 20 21:06:38 2018 +0200,2,2,2
62e74af4f0dbacef9ea5b9aed645924c96d8fd6f, Wed Jun 20 14:55:52 2018 +0200,1,1,0
11fe41d2882d7af7e35951035623a1c1415d013a, Tue Jun 19 17:09:28 2018 +0200,1,2,2
cbd64bac2d156846c7f97ec6d9d047b48c4b6791, Tue Jun 19 15:41:40 2018 +0200,1,6,0
5d324c239c4f955261d4669afc85c46a94e8a58b, Tue Jun 19 15:27:52 2018 +0200,2,3,1
5d7bdaaf0bd7b5a28ad196109f5ec3cdb550bd02, Tue Jun 19 05:09:35 2018 +0200,2,55,2
f9759e17543657e62bd2a487762f419ed6d2f907, Mon Jun 18 20:51:39 2018 +0200,1,10,0
a97ca1117db9b34dead340707ffde1c07b369a0c, Mon Jun 18 20:44:32 2018 +0200,3,5,6
2d01527aee1308f4c07652849da569825870ed14, Mon Jun 18 20:26:40 2018 +0200,1,9,3
df53a8ac4a274cd86ee99017b7670c9e0ddaa5c6, Sun Jun 17 19:36:37 2018 +0200,1,1,1
469fe2e3ee962c95cad57f2a30ca3e20a34b5244, Sun Jun 17 19:36:37 2018 +0200,1,2,0
3f62999e8e27a7f315ef9346f34885d76334575a, Sun Jun 17 19:36:37 2018 +0200,7,83,71
8186537ff6272a5533e4dcf4b1b428d9328bed44, Sat Jun 16 04:40:16 2018 +0200,2,18,0
a63830c6bbbf251765a5caee4111835048665f23, Sat Jun 16 02:24:23 2018 +0200,3,1,5
faa6c83426891059b2648b2b799e64bbfaf39a51, Thu Jun 14 00:18:40 2018 +0200,1,1,1
4acfeb2e8ea7081374299776b0f64dce2a2ec744, Wed Jun 13 16:14:06 2018 +0200,2,2,2
8459c35d8b739f06f0bcbf2f5e50c982a17a50c8, Wed Jun 13 15:53:03 2018 +0200,1,1,1
d563cc4eaf2a772ea9286ee36163c5e1d916af56, Sat Jun 2 19:51:37 2018 +0200,1,1,0
714a002fe5ca7daec6d521012fdd3083db1526df, Thu May 31 01:47:05 2018 +0200,2,2,2
b040464235db1012a846452cd4803a8e36395b6f, Thu May 31 01:24:51 2018 +0200,1,1,1
ef8eadf87b347f7740ae5366ad1ccf8b4e3415b6, Thu May 31 01:24:51 2018 +0200,1,1,1
9b204d0ebdb6706bb055ade6fa36d73c7a69ef0e, Thu May 31 01:24:51 2018 +0200,1,22,31
031e92bbe4543d5d158ee4f9668201004141c4df, Thu May 31 01:24:51 2018 +0200,1,21,3
a3540e750ef72bf4e058d89baabb995a8918e7ab, Thu May 31 01:24:51 2018 +0200,1,44,2
c258a6a97c4a16e280bb8bf2e2aa7b8b1ebecad8, Thu May 31 01:24:51 2018 +0200,6,23,23
046ab6962ba870c97087b23a7473af3610d19780, Thu May 31 01:24:51 2018 +0200,2,64,62
101b71c192047d5966b3c59dba088957ca51e588, Thu May 31 01:24:51 2018 +0200,10,740,627
520af047f5b84c92202e3f42f49281f37034d1c0, Tue May 29 23:08:53 2018 +0200,1,2,2
340499ced801532f7e1153414a94c8cb1efb161f, Tue May 29 23:08:53 2018 +0200,1,260,260
ffbdb44078efecc32f7ae7e1f851c264a839cef7, Thu May 24 04:42:37 2018 +0200,1,2,3
4bf1a952327f116427d9c0aed67061a336a591dc, Thu May 24 02:26:57 2018 +0200,2,2,2
be1b155d3ab06e08cf2cb4c1ede684cfce8d8c82, Tue May 22 16:41:59 2018 +0200,1,3,0
db86d52276c6560457ea41026311a3aa1248ebc0, Tue May 22 16:41:59 2018 +0200,1,1,1
ef80cdb11d15c4ce070bb9140f0e0bb59079641f, Tue May 22 16:41:59 2018 +0200,1,3,2
75618e21dd7dfb3bf017c699c8d89571be98c932, Sat May 19 02:11:19 2018 +0200,2,2,2
d779dcacdfef1ba6f6208c46c8d9defb2f525eca, Sat May 19 01:51:24 2018 +0200,1,1,4
616d244def82128efd21c4c1b49112733b86f199, Sat May 19 01:02:50 2018 +0200,3,12,6
49057fef160e8fb68ae2db71d215531f334a84a5, Sat May 19 00:55:40 2018 +0200,1,2,2
afff97a1ab7663167e6479e9261f737b403822b4, Sat May 19 00:54:20 2018 +0200,1,2,8
bed9b893142e1ea296c4eb16f9a9ab34408acbba, Fri May 18 20:54:45 2018 +0200,1,3,0
f1b46dfd88e02d3b39cd054e04c505d6a0b68e98, Fri May 18 16:05:40 2018 +0200,1,2,2
af7b41d800418528fda52a4112d180396e6099ee, Fri May 18 14:36:56 2018 +0200,4,913,5
66ca1c23ae8bba13c72cac96d9641a58dac2aaf6, Fri May 18 13:48:17 2018 +0200,1,1,1
42354178cd0bb963dcfd325b2d407c627617959d, Tue May 15 03:47:14 2018 +0200,2,2,2
1b9dce8ccc7dbae17c2b14303b7e9f918d305796, Mon May 14 20:16:04 2018 +0200,1,1,1
f432bb00cc1c36ff946021e17551d6ddca88b7b1, Mon May 14 18:01:59 2018 +0200,1,16,3
761f7a06e204d1fb02598f2b2ece32c27d498355, Sun May 13 17:09:14 2018 +0200,2,2,2
4e10b859d51979b6ebbb90745d37f2f310e8847d, Sun May 13 17:01:55 2018 +0200,1,4,1
d0aebce0cf6cb825ed28f1597d318dbce6d764fd, Sun May 13 16:58:53 2018 +0200,1,5,5
2d555e400a67559938e8321b0345a5e491a12caf, Sun May 13 16:58:53 2018 +0200,1,2,0
ac659ac1f0a4b18d56b1fa0cc85cbbdff86e3494, Sun May 13 16:58:53 2018 +0200,1,2,2
b2c20c032ab89e24c8210b1159348e48d917aea2, Sun May 13 16:58:53 2018 +0200,2,12,3
9a2036bbe12e8556f5df99c151b3e1233e6494b5, Thu May 10 19:23:02 2018 +0200,1,1,1
1450151d48e6ba09e16ac26804ba2b44e4a96539, Thu May 10 19:23:02 2018 +0200,1,9,9
2f8a106eef90e8cc1e1bde0dae13c20dd152bc4f, Thu May 10 19:23:02 2018 +0200,1,40,21
b27ba10c053b290845332096535d727d95542f11, Thu May 10 19:23:02 2018 +0200,1,60,1
b0533ee2335f15b892581202398762cf5c4aa2c3, Mon Apr 23 05:37:47 2018 +0200,1,1,3
38c92f610a8c7da73bee9066d98d678877feae37, Fri Apr 20 05:56:51 2018 +0200,2,2,2
a8eacf536ce70160a22ab9869ce31c48978fa89f, Wed Apr 18 00:52:24 2018 +0200,1,1,14
67d1146ffa58e50c451f06b3813f713311832e42, Mon Apr 16 22:26:26 2018 +0200,1,1,0
d153931c73b086aa384a0544ccc16e064f0e8e59, Mon Apr 16 06:14:51 2018 +0200,1,1,0
7b16ee53178b21b55591ccb1ca01ee141dcfdaf3, Mon Apr 16 02:45:30 2018 +0200,1,3,4
0b12a85f27e9a41f8fd10536ebd23768f0d97519, Sun Apr 15 15:45:13 2018 +0200,5,26,3
b11f5f47bd663361f2a5d82a073fbf7d7178e37b, Sun Apr 15 15:41:57 2018 +0200,1,1,1
95e6cc0d3d608d6e152d3d9ab7bd5f10a6718b8d, Fri Apr 13 03:29:13 2018 +0200,2,2,2
da597e51ab0c5c040e71674775c1b9f695255043, Thu Apr 5 03:30:46 2018 -0400,2,5,3
6866582d10b8f4e61b794c07b9ea6b9f3dc04f69, Thu Apr 5 03:25:58 2018 -0400,1,1026,3
f7e0c6d5c4a62420501c5512d70e010c894820cd, Wed Apr 4 23:19:10 2018 -0400,1,504,0
cc8fe6298a38d4dcd5b385bfd89612b099a3af4b, Fri Mar 9 13:47:23 2018 +0100,1,22,24
c8670c2ac5c44a0a5676f6151867cfcca182dfe2, Fri Mar 9 13:47:23 2018 +0100,1,124,140
75fc8d9bcf6d917d2cefc456cf7b0c64ab63c243, Fri Mar 9 13:47:23 2018 +0100,1,39,12
186be2742c948351c27bc068102252e10a28959b, Fri Mar 9 13:47:23 2018 +0100,4,2071,3438
fd54417e41c13f021609bf4f328bd7b9b8411e30, Fri Mar 9 13:47:18 2018 +0100,1,6,3
f35482ee19be7df63c7537fb90d0cbacc46ef495, Fri Mar 9 13:27:05 2018 +0100,1,3,0
978cb0cf2912724447e40467e05c72dc00ba1124, Wed Mar 7 20:47:01 2018 +0100,1,1,1
41bd7a84d3dffbd7f6891ad86875664e89e02a7f, Sun Mar 4 18:51:33 2018 +0100,2,2,2
27444c86fd0b7028ac5bfb9f01d0d1e85a850680, Sun Mar 4 18:50:25 2018 +0100,1,1,0
d9874d8733b91ff0a1847ebf402c6b87cbbe3fce, Fri Mar 2 16:42:29 2018 +0100,1,1,1
c227209268ad270a5a83fb98879d0142c2298c67, Fri Mar 2 16:42:29 2018 +0100,1,6,5
3b1eb11b525ab7538133f7f098e75c58059576aa, Fri Mar 2 16:42:29 2018 +0100,1,1,1
442242a06a459388c6edb1c7a99a99b062b20250, Fri Mar 2 16:42:29 2018 +0100,1,1,1
17f5a7cfb34d39005b1cf463a45c61da116530ee, Fri Mar 2 16:42:29 2018 +0100,1,1,2
c08a57a843cc887a1379a731bf0fb99ec8b7a893, Fri Mar 2 16:42:29 2018 +0100,4,11,10
3df1ca562433e6afc98fcd137a4520a4d6d359d8, Fri Mar 2 16:42:29 2018 +0100,1,1,0
363da271d4b05ef11f95bcfdcacae43a1350f99e, Fri Mar 2 16:42:29 2018 +0100,1,1,1
c263d644f9810e3c5e4c4caf35de2a39babb4c91, Wed Feb 21 17:43:39 2018 +0100,1,2,1
8f6e4572112e17e0484e0be581d03e39b1c2e305, Tue Feb 20 02:24:29 2018 +0100,1,1,1
d7ba9ec699aefaf6b5eec107a342b6548c46757a, Sun Feb 18 21:22:31 2018 +0100,2,2,2
442ae26d495655e4a16da9201542ae37f7140fb3, Wed Feb 14 18:35:35 2018 +0100,2,17,19
db0e44139b6db098a6636eb5e6b74390af45dd3f, Wed Feb 14 15:30:35 2018 +0100,1,1,0
cb86f2cd33a845872198c4bb207bc13e739b2d7e, Mon Feb 12 12:04:53 2018 +0100,1,2,0
d39c586ee03387e9d03f4dff1715fcd309738145, Mon Feb 12 10:56:06 2018 +0100,1,15,2
3d13601173706f8e1b6447e66c70c146b82c310e, Mon Feb 12 10:42:16 2018 +0100,1,2,2
64a77dbadfc493214fe7bfc911326421219c6a1f, Thu Feb 8 21:22:10 2018 +0100,1,1,1
809483b0366d6ce6565949ada6961a0db26f3cb8, Wed Feb 7 01:55:46 2018 +0100,2,21,2
c115e1f10d27e7b9c8f0ae2835a1e40c2fe53e8e, Fri Feb 2 19:01:07 2018 +0100,2,2,2
3f8263d00bd91bbe425329bf6b62b3df388b8331, Fri Feb 2 18:28:47 2018 +0100,1,2,2
ba8e77984670c1029ec094f2cf9f7c908de84452, Thu Feb 1 23:59:29 2018 +0100,1,12,0
abfc2b66ac9da7422c8ed50bf434fe26293f405f, Thu Feb 1 19:51:50 2018 +0100,4,884,471
3ce3783bd9a1e7a7a33ca11337c025740063cbeb, Thu Feb 1 19:51:50 2018 +0100,4,471,872
dc3c6a3db2d60c477c64bc63af813249e345e68e, Thu Feb 1 19:51:50 2018 +0100,1,17,3
03bbd8e0d528b9be832ba9490c63176ba1db5b5f, Tue Jan 30 17:26:39 2018 +0100,1,8,9
5bc5fd9fbb450c43e01ef6ea27560e1a26ac7ed2, Tue Jan 30 14:46:34 2018 +0100,1,4,9
10cff9459c1fc863f4961341eaf5aca772948c43, Tue Jan 30 14:46:34 2018 +0100,1,6,0
e08d20cdd88dbe404879ae87f87a87fece7d04bf, Tue Jan 23 21:53:31 2018 +0100,1,2,0
8edfe487200d3636aacf9131b8ecb7e441964f28, Tue Jan 23 21:39:26 2018 +0100,1,3,1
bae391875a66e2cd58420d524653967f0fe49c0c, Tue Jan 23 11:55:44 2018 +0100,1,2,2
5afdc2d772baf3991229b84c0ed04c0a9054c024, Fri Jan 19 17:16:28 2018 +0100,4,1569,1
8b25399019131f96740bb0899eee409f90f61abd, Thu Jan 18 20:14:27 2018 +0100,1,4,4
51e00420d4e742865e62a535e56fabd2666e256e, Thu Jan 18 16:21:12 2018 +0100,2,2,2
88336607d9526321da3b4a70ad391dec7687d504, Thu Jan 18 13:28:16 2018 +0100,3,3,1454
111b2cfc82b111c1d697531324cb75a47e02b953, Thu Jan 18 13:28:16 2018 +0100,1,7,7
ca0fa8f0886b7f764cb0a629ea6dc5ffd6b9d4c7, Thu Jan 18 13:28:16 2018 +0100,1,739,0
fabed2fb641bce297081579caa01e45ca2a7cc12, Thu Jan 18 11:52:03 2018 +0100,1,838,0
481a58e01943b873bcc361ed72299ef7d3a2655a, Thu Jan 18 11:26:09 2018 +0100,5,1640,1610
35180994b327c14bd5e668b6b9d9d4cc3cfbbb5a, Thu Jan 18 11:26:09 2018 +0100,1,96,79
1058be94c269251bf3e39fa832b121296f347cd0, Mon Jan 8 11:12:48 2018 +0100,1,4,2
0c73927077d559570b35b50903e7aefe53bde529, Wed Jan 3 21:58:00 2018 +0100,64,65,65
c8dc529790b0992bd7b8a4c0c91e09f7b94b9a83, Wed Jan 3 21:54:25 2018 +0100,1,6,6
883653e05510dc4d4b5327fd2c130ac48c72c62f, Thu Dec 21 02:20:51 2017 +0100,2,2,2
55cf88481b5a1eb1609528b5a6637e3a53fda491, Thu Dec 21 00:58:02 2017 +0100,2,8,2
0462706042913d83317cdb4d21753f81eed2d48a, Wed Dec 13 18:30:31 2017 +0100,4,8,2
656187fc998854ef0f6be764349679b7d390a523, Mon Dec 11 01:12:06 2017 +0100,2,2,2
9bcb361ddb54932c9c610e83537e9b2e6c7fc893, Mon Dec 11 00:25:22 2017 +0100,5,99,6
b4516dded2e85ef5b5338605403f2b8904c91f82, Mon Dec 11 00:25:22 2017 +0100,2,571,0
ad6dfa3c697f4ec2ef8ea8ca7eb65e1554b1ae89, Mon Dec 11 00:25:22 2017 +0100,1,1,1
151256076ed37f14b701fe09ff913bb2338d5e27, Mon Dec 11 00:25:22 2017 +0100,1,49,90
7ba0cd8bf5cded01348f556f9661d2bb786f1ed8, Sat Dec 9 22:29:28 2017 +0100,1,70,70
63d2387ba3cb9c288748314579482b2064b91cc6, Sat Dec 9 22:29:28 2017 +0100,62,232,302
d641be65c556f1cc84d5396276ab426b940c5ae2, Sun Dec 3 15:27:16 2017 +0100,1,3,1
cdf5db756275ea9ce4d6db65fcf377b7f9e4d740, Sun Dec 3 15:16:10 2017 +0100,2,132,138
bbc67c8886e2e6ee5ed8a43a10f362cdc400a647, Thu Nov 30 20:45:08 2017 +0100,1,0,0
a13150499c9df25718505ddd1b2bbd48a51c6ffc, Wed Nov 29 22:42:42 2017 +0100,3,6,6
e18fb977156f938d76a58906af47cbcd9a3702bb, Wed Nov 29 14:34:27 2017 +0100,2,2,0
9639e7219e69533fd92022c345869bf8e8c202ff, Wed Nov 29 02:02:31 2017 +0100,2,26,0
36f81c83674e0fd7c18e5b15499d1a275b6d4d7f, Tue Nov 28 20:39:40 2017 +0100,1,4,4
e1a0f851e2848d428ec5c30eaaea67e2691fe4bb, Tue Nov 28 14:49:47 2017 +0100,1,3,3
26f10d8fbd04641a79433fc29b2cef80a972ac69, Tue Nov 28 14:46:57 2017 +0100,2,17,0
cd5302af5b7ea229ae4e4dc8964f5bfac77ee3a1, Tue Nov 28 14:46:57 2017 +0100,1,82,91
a9a1f2564f1017b5255b33144b251d1007933ccd, Mon Nov 27 05:55:35 2017 +0100,2,2,2
d7f906d500cecbe1c855a7006041f28a9ab3cf56, Mon Nov 27 05:44:30 2017 +0100,1,10,18
61691761a268090871eb3c201384c57e407d6105, Sun Nov 26 22:08:56 2017 +0100,1,47,64
ba3c2e815f00e723bddebdf1f5df5adccbbb9b1c, Sun Nov 26 13:44:36 2017 +0100,2,7,1
f242a4822f364aa606a605a582a718e56db0ca2b, Sat Nov 25 16:19:51 2017 +0100,1,12,35
396d9843207fa734028790b5033a0c646bc2a849, Sat Nov 25 16:19:51 2017 +0100,1,52,14
66c24e781f145926e2ddb2968bf79618f253dd53, Sat Nov 25 16:19:51 2017 +0100,1,2,2
23992d9e2c6ad68db0fd6b24b6a6238eb35e9d61, Thu Nov 23 16:30:58 2017 +0100,1,20,59
1588c93c243715cc4276b36a34ea36eaa5743707, Thu Nov 23 13:37:48 2017 +0100,1,1,1
3b352a9748e9c209ef562b8a196bc7b4ecb7b9d9, Thu Nov 23 11:09:12 2017 +0100,1,18,0
71db96bcb99cc8e8e06885d7fa8819c6a02c963a, Wed Nov 22 23:19:39 2017 +0100,1,15,2
ee4722ce71b58c51dd357248d185d4dd4d9ba067, Wed Nov 22 22:55:50 2017 +0100,1,12,16
4edb9051d9da9236df766a30516eacd03730592d, Wed Nov 22 22:55:50 2017 +0100,2,132,0
b1affbd12ed27bf0fb3c1500a38857b80dca94be, Wed Nov 22 22:55:50 2017 +0100,1,6,1
fa8e7420316e82cfe59db4b4ce4f8f2876f64233, Wed Nov 22 20:21:48 2017 +0100,1,5,0
b511034dfcbe90edb743e74c6a82a3f3342a6f0e, Wed Nov 22 19:00:14 2017 +0100,2,2,2
7eac11b1e3bd73d74289176a727d34e5e41e3683, Wed Nov 22 18:32:48 2017 +0100,1,1,5
79d808f64f34c9992cf20ad057bf90f13b033600, Wed Nov 22 18:32:48 2017 +0100,1,145,131
741f76cdb3f321edce92a316501fe54f52d87ba1, Wed Nov 22 18:32:48 2017 +0100,5,8,8
e79be273d702b198c1718a6189fa752e28fd4c03, Wed Nov 22 18:32:48 2017 +0100,7,411,20
0aa65c6f0544bfa9ed9b5f73c4197e91bf2ed2d5, Wed Nov 22 18:32:48 2017 +0100,12,5515,1032
6dcf45a5346a1cdedc394c24ee724988c88aa296, Wed Nov 22 18:32:48 2017 +0100,12,5267,2470
305a5f442b9f5fb0121344610c2cdcd54e677323, Wed Nov 22 18:32:48 2017 +0100,1,244,3
be6c54f59adff7dabcd03ecfa9858b6de4745ca5, Wed Nov 22 18:32:48 2017 +0100,2,10,13
1e14e9ad9e68afe4dcb301d6d465c377fdc5388d, Wed Nov 22 18:32:48 2017 +0100,1,1,1
bb558c6450fed06408a206e353e4231d7362c170, Fri Nov 17 15:40:41 2017 +0100,1,2,1
1a097249c55f4dbede0e7a256d3c473c7effbade, Fri Nov 17 11:48:18 2017 +0100,1,2,2
6ed6b2e1c4bbf6f5ce234eb10d16f25923351571, Fri Nov 17 11:33:24 2017 +0100,4,35,47
75b8cad99bdca07d0098daf21792dd2ce507d73d, Tue Nov 14 10:24:20 2017 +0100,1,12,0
dbfc216dcfd725073f17cdc27523a1b30b48a1a4, Tue Nov 14 10:24:20 2017 +0100,3,7,10
bbb1f11d947f3c24ac92cc0be15a719820d06e7f, Tue Nov 14 10:24:20 2017 +0100,1,1,1
2bb66e5f6e7fe743b1bdf5197b6c87205c495f71, Tue Nov 14 10:24:20 2017 +0100,1,1,1
467a3493eacefe6acba34ad0231524245eb8daae, Mon Nov 13 19:35:34 2017 +0100,1,4,2
e302a662e2106d3292609d76886b145960e584e5, Mon Nov 13 16:10:37 2017 +0900,1,6,5
e90a1ba20cbbe3d7ed4f6573048569b6b8034934, Sat Nov 11 12:35:06 2017 +0900,2,2,2
b94c2091ac92c8acbcc5338146da6fc5888f4e54, Sat Nov 11 12:24:51 2017 +0900,2,16,7
74e08c0f671ebddda400ede1a5f00d23d33b6179, Fri Nov 10 16:20:09 2017 +0900,11,149,149
f283e17e12ce2199ce75b92d3a778ac8830cc2f9, Fri Nov 10 16:20:09 2017 +0900,2,25,1
28070c6ba07d90a6c7dff558042674fc78e6ba1c, Fri Nov 10 16:20:09 2017 +0900,1,2,1
222cc02ebcb99664fa4ca68f8882503d45ca785c, Fri Nov 10 16:20:09 2017 +0900,1,1,1
5845655942116f9561a10a75d18a6c59f03ebfd0, Fri Nov 10 15:49:28 2017 +0900,3,19,18
c4e6f58b9e4f8a163c87a2bf34a19819f0b15ca4, Fri Nov 10 15:49:28 2017 +0900,3,15,1
4717d0f2fbcbcab63998c2fe3667fc935f86a904, Fri Nov 10 15:49:28 2017 +0900,1,1,0
27e7d2fe25ed1bcfa72b3fc9d9728bcff34ca14d, Fri Nov 10 15:49:28 2017 +0900,3,28,6
4f3b7e386cd32cdacdc287aaebd70677040eb316, Fri Nov 3 19:20:29 2017 +0100,1,1,1
0d74fdc37a734eafc907c2c5a52d6aef2d588e9b, Fri Nov 3 15:21:17 2017 +0100,1,1,1
88ed7d0377418cf27681c34c18e7dc1dbef21296, Thu Nov 2 20:48:06 2017 +0100,2,2,2
bf746e3938aa4192242118d488a4a2cea0509cf8, Thu Nov 2 20:48:06 2017 +0100,1,1,1
0decd94f990439082e16af60e8f8e08d1b1ee2d4, Wed Nov 1 00:56:27 2017 +0100,2,2,2
c9416c7a31598ea77ad15d3b2f27a613ac95b436, Wed Nov 1 00:55:19 2017 +0100,1,4,1
47b9e2396a11181ecd8bae10a4a7589efd1c80bf, Wed Nov 1 00:55:19 2017 +0100,2,22,17
bf81b89b923c12d180f82e987905c8d664cd3761, Tue Oct 31 18:21:54 2017 +0100,2,2,2
a849202698042c87b4ba79ff15b817ff5cf11d7f, Tue Oct 31 17:25:23 2017 +0100,2,5,3
3aa0a6993ea8f040979d0f1092a7189f27cbe524, Tue Oct 31 17:25:23 2017 +0100,1,6,4
d380e45121453cd6aca71372a81b9246b216b0e7, Tue Oct 31 17:25:23 2017 +0100,1,1,1
5e4473dec28ef67b2d2467f85c8611c5f005d98a, Tue Oct 31 17:25:23 2017 +0100,1,2,2
66585d56a941b15d95d15e21641e89d86bb6271b, Tue Oct 31 17:25:23 2017 +0100,3,1,0
424ff7b8ed77bf556e16fca94e72483daf846caa, Tue Oct 31 17:25:23 2017 +0100,3,56,9
0d474166163835b53e6ac265a08314756327493f, Tue Oct 31 17:25:23 2017 +0100,1,1,1
abddb8492c55482048b10788e00ec20e5ee3948f, Tue Oct 31 17:25:23 2017 +0100,17,269,164
ce7e110ef3a0809e875b7c8a0008226ecda32518, Tue Oct 31 17:25:23 2017 +0100,1,1,1
336c7135b81dd4c458bb508b0e85d422e748fd15, Tue Oct 31 17:25:23 2017 +0100,9,29,29
2a221ee32e7fa17b1dd983f520768ff455603912, Tue Oct 31 17:25:23 2017 +0100,3,4,15
bd6692ea74658bc084ba8fa1979549beda104be7, Tue Oct 31 17:25:23 2017 +0100,3,17,41
c02f8ba156cf4223504edf9c64febeca304831b4, Tue Oct 31 17:25:23 2017 +0100,1,1,0
3bc403b01a157ff8a1d1c8600cadbc92af212d86, Tue Oct 31 17:25:23 2017 +0100,14,249,98
cb71dee9a64ee3e18ce4002d9ca54d97d3d5a106, Tue Oct 31 17:22:49 2017 +0100,4,23,3
ca0ecdcc7651ca41e40996ee0e377136e4a319bf, Tue Oct 31 17:22:49 2017 +0100,1,2,0
da8fe333327e8020170fcfef88a9e7fab6197377, Tue Oct 31 17:22:49 2017 +0100,13,44,30
3b520e44d0461b9dc216eb3b9781e389f2fbbec2, Tue Oct 31 17:22:49 2017 +0100,2,16,5
0c7763e0e5b1bd6c6aa4087f70fb903a8cdf7c23, Tue Oct 31 17:22:49 2017 +0100,4,18,6
1365a28eb2cc1ec0a48c4ed909d23e8db512d329, Tue Oct 31 16:21:54 2017 +0100,1,2,0
ee6d7e7c068af71d0f78ddf64cb28a6b3a5e72f6, Tue Oct 31 16:21:54 2017 +0100,1,4,4
c4974e7c3c948d692be397448698d0d3c0670704, Tue Oct 31 16:21:54 2017 +0100,1,2,4
d0646b6d88ca54240c61f36255d5684904ca98c3, Tue Oct 17 19:26:29 2017 +0200,2,2,2
5d68dca1095c5ebad33e8dd3535768cf28889cae, Tue Oct 17 19:26:07 2017 +0200,2,3,2
7ae27756c45413e4aaf3997e4acfb96adfb25358, Tue Oct 17 19:26:07 2017 +0200,1,2,0
93d0a79a1f629bfb122c2e1a1857fc999bc86606, Tue Oct 17 19:26:07 2017 +0200,1,4,0
61bd2c28fabff8b4cee9e58bcebda68feaf36ce6, Tue Oct 17 19:26:07 2017 +0200,1,50,37
8952fec929cd89ee0d398eab8cc3415e839c1643, Tue Oct 17 19:26:07 2017 +0200,1,9,1
e42110215d4be95dc831a3e67fa2d18aaeba680c, Tue Oct 17 19:26:07 2017 +0200,3,5,28
113bf1d2e83d07f30d3bf58699eff03e9518df6d, Tue Oct 17 19:26:07 2017 +0200,1,19,3
94fbd80d7ca8f1451ad98fe9789f2c5b6803992d, Tue Oct 17 19:26:07 2017 +0200,1,2,4
f9de37ef2a41d6f48c6be597e829c8df55f04c79, Tue Oct 17 19:26:07 2017 +0200,2,11,13
6ebfe500e8ffb1ede751d4ae31a042f228f23a54, Tue Oct 17 19:26:07 2017 +0200,1,1,1
4625914272690bae76cee1d24b82c9aaa6f393fc, Tue Oct 17 19:26:07 2017 +0200,1,3,0
94c8a84d30081c8f9fa92c118f23aca9b8880ae6, Tue Oct 17 19:26:07 2017 +0200,1,13,2
7b50209e07ef8937c1efd116e4e032a2263c9f4f, Tue Oct 17 19:26:07 2017 +0200,2,64,48
6d961fa47631db95a79e7987362cde47a50c17cf, Tue Oct 17 19:26:07 2017 +0200,1,2,2
0de5b802d6ba0cd7582a5f0cbe149774d3dccb64, Tue Oct 17 19:26:07 2017 +0200,1,2,4
9e5079f001b719927aa80ba58558d92020d9382e, Tue Oct 17 19:26:07 2017 +0200,1,4,0
9e39e0662985c6f08f2c238d1624fa285e26a0ab, Tue Oct 17 19:26:07 2017 +0200,1,3,4
4b5cf429645d06d95774fb3288de74aa1f74fc46, Tue Oct 17 19:26:07 2017 +0200,1,1,0
c90afbeddf9aa217c419b95e496337c89a1e4ba2, Tue Oct 17 19:26:07 2017 +0200,1,1,2
9ad5a4f2bcc3ca0db245679b396563a71df4c49c, Tue Oct 17 19:26:07 2017 +0200,1,3,6
7a761528abadea4e5c1be8fe8d73c8538f55cdee, Tue Oct 17 19:26:07 2017 +0200,1,2,4
cff9537454ad09a2eca964902f80d53126a3d8be, Tue Oct 17 19:26:07 2017 +0200,2,5,3
7d20bbe34d188a3bd88244bf589c7098ab4de8b6, Tue Oct 17 19:26:07 2017 +0200,1,2,2
958f87064455504d461e7a5b0e8baf6a6c2729f0, Wed Oct 11 15:51:17 2017 +0200,2,2,2
f6369780a862037dca429d3dd7aa2f176e42d6dd, Wed Oct 11 15:50:29 2017 +0200,2,29,1
f57c2d64bfc646c16fd1f30c8e3557183f8a5369, Wed Oct 11 15:50:29 2017 +0200,1,4,0
8f03a5a22c3de97473a562a7cfe76c6fde674b0e, Wed Oct 11 15:50:29 2017 +0200,1,2,0
6a52049c687ab632a37377629261d2b1563f5b76, Wed Oct 11 15:50:29 2017 +0200,1,6,1
28c2976d6effa8787bfbfc67a5ee254d59d32e70, Wed Oct 11 15:50:21 2017 +0200,3,22,8
f28ef15b87c54bbfd54dbc9f880fa9e09cacc756, Mon Oct 9 05:32:52 2017 +0200,4,81,53
e000d5c96d2fbe8864fa313b203e2210f24ed18c, Mon Oct 9 04:40:22 2017 +0200,6,38,100
89db52f3fba403124701fdda0503a3443ca6016e, Mon Oct 9 02:14:49 2017 +0200,3,29,31
bb3ad137ef1907ec6cb5979cdd47b5e160f3a455, Mon Oct 9 02:14:49 2017 +0200,1,1,1
da66b711bf3452f75f98a2e66b3e44d7b9d59a9f, Mon Oct 9 02:14:49 2017 +0200,1,10,10
fd12ff924e88e9d211d05bb6447eca2ebd6e420d, Fri Oct 6 18:01:54 2017 +0200,3,10,11
6bab28be395026e100ee844ee9540c3b04457258, Fri Oct 6 16:44:31 2017 +0200,1,4,6
8dddbdf210d4b478a7b9708e770163a3496e1b40, Fri Oct 6 16:24:46 2017 +0200,2,26,27
66e170cfb511dea0162a97629967487fed4fbe3d, Fri Oct 6 16:02:38 2017 +0200,1,4,4
c1a12c572bf90c9e1ecbe2291517741b4823d855, Fri Oct 6 03:27:10 2017 +0200,2,2,2
e47f6657edadcb38db80d62dfd1e2e2ddf0b3d78, Thu Oct 5 23:40:19 2017 +0200,2,14,14
1dd83eb7d4546c17eecb14a5f52b34d908ee1581, Thu Oct 5 22:59:40 2017 +0200,2,23,19
b8f77e5caf1de21a7ea3b1e5eca57dfa7f5a8bfe, Thu Oct 5 22:21:53 2017 +0200,2,8,6
a199777a33e38424e0b33384b3df28d301623ed3, Thu Oct 5 20:50:56 2017 +0200,5,119,151
f7177006b9900bf838981e224d2c6129ad288b00, Thu Oct 5 15:27:29 2017 +0200,2,21,6
639dff1f281722c8238788b556439e7078e0eece, Thu Oct 5 15:27:29 2017 +0200,1,1,1
774858d42aefc8fe583906cb889242bfa8fa10c7, Thu Oct 5 15:27:29 2017 +0200,1,3,0
6373903032764875c98266a1ab69db393bfbefaf, Thu Oct 5 15:27:29 2017 +0200,2,644,0
4a6e3b549f11220991bd8fce2b50b1a7f092837e, Thu Oct 5 15:27:29 2017 +0200,7,67,76
48d7390a2ed1c615d56d426ed8e7a2f31d4542fd, Thu Oct 5 15:22:00 2017 +0200,1,5,6
38b722ccee5c68fc49aa2d59172a08148d01f7df, Thu Oct 5 15:22:00 2017 +0200,2,20,0
8a7c439c858edbd65cbf44a3a5f68581093884d2, Tue Oct 3 22:58:46 2017 +0200,1,1,1
11fe035b77f233a8ee5add41a9e500af948d47e9, Tue Oct 3 22:52:06 2017 +0200,1,4,1
113faae1721bf918cb6993e13752063f73f0b173, Tue Oct 3 14:55:33 2017 +0200,13,59,1
323636085e1a6c063818a697b30e074578db258e, Tue Oct 3 06:41:39 2017 +0200,20,60,60
452dc76c606d47dc248f846f1202d708a7245f5e, Tue Oct 3 06:20:48 2017 +0200,7,16,16
9a93bd7a398acd6f693f6a8332fc0dc6e410a2e5, Tue Oct 3 04:14:14 2017 +0200,2,33,42
53304aa9dadde22a0041f4c790a6543986dc0e99, Mon Oct 2 19:59:58 2017 +0200,1,1,0
51b27073af44ac5b299281727a99e4869f7603e7, Mon Oct 2 18:00:54 2017 +0200,1,1,1
20e64e1be3fef7625f44e52a2ce953c971f531e2, Mon Oct 2 02:55:22 2017 +0200,2,2,2
1a3a3c90e61fc5c8e72461eacb16818c98372fcd, Mon Oct 2 02:45:53 2017 +0200,1,1,1
98bdbe54510835f3f4460a1739a6162241992912, Mon Oct 2 02:45:53 2017 +0200,3,24,1
07aed68928f3e76fc7d43488ee2b6165b748ebaf, Mon Oct 2 02:45:53 2017 +0200,1,1,1
16931274443b3607b5f863fe14ceebde661a6c3c, Mon Oct 2 02:45:53 2017 +0200,3,29,21
a0a5dae4f5dc059be6ee3f7a08f103270fbb6623, Mon Oct 2 02:45:53 2017 +0200,1,4,4
5275f47a0d0d6fe9f6ee39e47f4bd7d8627b016c, Mon Oct 2 02:45:53 2017 +0200,1,5,4
2f3c1fcb41fe878694e6cd32708a4e2032b93fc4, Mon Oct 2 02:45:53 2017 +0200,1,17,12
dcb9387fd61851ef4cb38bb2adb664815514c44f, Mon Oct 2 02:45:53 2017 +0200,1,3,5
9c5af58105b7c0d2cc51f95d568264322f23e1e2, Mon Oct 2 02:45:53 2017 +0200,1,3,3
adc504c865ebe70cf112c5ecc150e081312180c3, Mon Oct 2 02:45:53 2017 +0200,16,805,570
b3b65cf62fc7fb271f9a20456cbeb21a8fd95418, Tue Sep 26 07:30:36 2017 +0200,1,1,1
67f8a0895c11ddce638c446ffe42a238307292e1, Mon Sep 25 01:39:31 2017 +0200,3,7,7
14b46145b769adb1903f48415659d69be3cf986e, Sun Sep 24 23:10:15 2017 +0200,1,3,2
875b45f7b010200de8836cd3773af3ad9fbee0fb, Sun Sep 24 23:10:15 2017 +0200,1,2,0
18e49c76cfe5efe9c10a5ed2f59f694c98c30390, Sun Sep 24 23:10:15 2017 +0200,5,24,32
7895086b4f2497cb8a2e75d24d4a40b6d0b018b5, Sun Sep 24 23:10:15 2017 +0200,1,4,0
cefc47b2b15cc5441f7a2a54447876f0a3c956fd, Tue Sep 19 16:20:45 2017 +0200,3,3,3
ce8a376e037f6f9cb005b7db58c2f00e0ae8959a, Tue Sep 19 16:19:15 2017 +0200,1,1,12
b4f98bf8a8a8f0e27b8eab8ca1d335fc8514d21f, Tue Sep 19 13:58:51 2017 +0200,1,4,4
6f2fb4b5ae0e98e924ddf99894b63e59f4ce68ff, Tue Sep 19 13:56:59 2017 +0200,1,5,6
4015e4a15bc45bfb8384a696e4b1795e0c4da284, Tue Sep 19 06:15:27 2017 +0200,1,3,3
c3cbac06f54099bf75773419f38e3b48bfdcd45f, Tue Sep 19 05:54:35 2017 +0200,3,5,3
049d7bd343aabf3dc2cb7fdb69c6666f2fb1d373, Tue Sep 19 03:04:21 2017 +0200,1,1,1
c81c0eeea5bdef2fa454c43039f5e920699b2adb, Mon Sep 18 17:40:08 2017 +0200,2,2,2
5ca30a5ad325cc3e252908adf121d31e30b8aa5f, Mon Sep 18 17:38:22 2017 +0200,1,1,1
0d341761c44739f9c53128fd3e101f83fe60b969, Mon Sep 18 17:38:16 2017 +0200,21,669,1597
9ffe12e8d9742baf02b08236ed5c4b0de807434a, Sat Sep 16 15:33:18 2017 +0200,3,4,0
8974dffe025b31ee52ba8873570e4aa125a887e5, Sat Sep 16 15:33:18 2017 +0200,1,2,0
e7e92404695c0b3b0e3e44305679ac11a904a69a, Sat Sep 16 15:33:18 2017 +0200,2,1,4
473eacd9f4ad2c0c1ec330f61aad281fdc63ee85, Fri Sep 15 01:16:50 2017 +0200,1,1,1
905afd9eb2611e9771037513aa7cc0fa1eee2698, Fri Sep 15 01:16:50 2017 +0200,1,2,1
0c11b46178b80b179e50b26258d6c066875ec44b, Fri Sep 15 01:16:50 2017 +0200,1,2,2
42ca9a17268bf39d0cd74fb9788c46c5a90bd99c, Mon Sep 11 14:26:32 2017 +0200,1,1,1
7fbe044b143ef29dbb5ee531f43da9f85b1269cd, Thu Sep 7 16:42:08 2017 +0200,2,2,2
04f54ca8e8466ceedfbd7f0e95ea8caee30c6076, Thu Sep 7 16:30:53 2017 +0200,1,12,12
bbf116c0cde4b2ea27c38dbcc9ab296588c8815f, Wed Aug 23 09:05:19 2017 -0600,5,102,5
c81d33b0bbdfb7cdcf5ef37a1e1264e6e8c11b3b, Thu Aug 10 02:04:59 2017 +0200,2,2,2
11e8b76f9ee01feed3ae402ffb49721c070ff20f, Tue Aug 8 05:57:25 2017 +0200,1,3,2
5f645927224801171ec043e2f6a2ed7b3998cdc2, Tue Aug 8 05:57:25 2017 +0200,4,29,5
0aaeecab435c4d89a67e58db729c7acfef4c0e5a, Sun Aug 6 01:01:32 2017 +0200,1,8,0
a2e40a5e2886955add016c45cff948bebbd712dc, Sat Aug 5 14:47:59 2017 +0200,1,4,1
56c62a67e844458fdb7543702481aceb58056594, Fri Aug 4 20:29:48 2017 +0200,4,6,6
70e574e19b16134feef866b38b1593e6045a6708, Fri Aug 4 20:29:48 2017 +0200,6,15,15
e6165820f4f87da7f1b25aa105ccce5d00c623eb, Fri Aug 4 20:29:48 2017 +0200,2,2,3
c168c2aca158b379258a787304879cc634f47234, Thu Aug 3 23:00:46 2017 +0200,1,6,0
8f81daf71b971239a83650d357dec1bfc0a6eab1, Thu Aug 3 14:55:51 2017 +0200,1,25,1
cdec0cf1e107a6cc6b66a345f4f00d6e25a901bd, Wed Aug 2 14:40:43 2017 +0200,1,2,3
fbfcdf28f98d54073b9387fda061894920649e26, Wed Aug 2 14:40:24 2017 +0200,1,2,2
eb430cb35d770e60be99123d4d6e6c602f63d235, Wed Aug 2 14:40:24 2017 +0200,1,16,10
df442644b8be8a5caabeb80a6b6d0bfac5fa11cc, Tue Aug 1 23:22:41 2017 +0200,1,1,1
7490aec2cfd149581303fbdbb3c542e2fa131cd1, Tue Aug 1 23:22:41 2017 +0200,1,1,2
150138bd01a241304a93dbd1f731de2ad4316fe6, Fri Jul 28 01:02:21 2017 +0200,2,10,10
83477092d2f93970974c75c890157eb34db48b9b, Fri Jul 28 00:59:44 2017 +0200,1,8,0
64dc454fe3ce8ce9130403ae802ca5facaf5b8aa, Fri Jul 28 00:27:16 2017 +0200,1,7,11
15566bb468e8a65d82ca1bc664c79a1a0f129632, Thu Jul 27 20:16:16 2017 +0200,1,5,3
1d07bf06766294e9c109d025bd6009bac90de7b6, Wed Jul 26 03:38:49 2017 +0200,2,2,2
7b3a8fa670976d097128322b5310fec68274c648, Thu Jul 20 03:37:39 2017 +0200,1,1,0
71d40d0a9aa8498ce085daa501d6905991f1249d, Thu Jul 20 03:37:39 2017 +0200,6,6,6
06238bf0bb7f4e895edb78ab26cb2336dd06d06b, Thu Jul 20 03:37:39 2017 +0200,1,11,9
86faeb83343b22e9a862b7f122a299b9d34f6779, Thu Jul 20 03:37:39 2017 +0200,3,84,72
2961d3b1f4e2f80905283528d569d548511f899f, Thu Jul 20 03:37:39 2017 +0200,1,3,3
86c2ff8aa8397a004cd78cfec45e1ab535152345, Thu Jul 20 03:37:39 2017 +0200,1,2,5
a3a3a553249f7d870ae625f3e66f4b93f7fa4c90, Thu Jul 20 03:37:39 2017 +0200,1,2,2
52b3a7bc7cd8a74e273cb108042ea93f76d58468, Thu Jul 20 03:37:39 2017 +0200,1,6,6
c5a6241a38db13a73c710fcfde86b5cf7796260f, Thu Jul 20 03:37:39 2017 +0200,12,46,52
508faa541275958ccef5c46d72e2c932dcd963bc, Thu Jul 20 03:37:39 2017 +0200,2,5,1
3e1e9b1d112e0665a2007d026d0215235895f765, Thu Jul 20 03:37:39 2017 +0200,1,7,1
7615661489cb119ec25e31096874d040fd360a05, Thu Jul 20 03:37:39 2017 +0200,1,25,1
24f52add6f34e91eda32a6fedca139ffb9cb236e, Fri Jul 7 18:11:33 2017 +0200,1,3,1
ea4d5d3be54c7160d0c9ea51f77b227052549cb7, Fri Jul 7 03:36:53 2017 +0200,1,3,12
a23b2c047901128c1034c8406cd71cfa2e0f8d59, Fri Jul 7 03:30:21 2017 +0200,1,1,1
3391d92a354399bf5c2571102c918cfc5869d5ef, Fri Jul 7 03:28:59 2017 +0200,2,2,2
0837f34f3c6ff395a7463b53713912e7e86293d5, Thu Jul 6 18:17:33 2017 +0200,2,2,2
c3efa059227462f237f68d7da5cb99b0764c483f, Thu Jul 6 18:12:33 2017 +0200,1,1,1
ce02d4cf1ac8cf7b521871ba4c46219b89066908, Thu Jul 6 18:12:33 2017 +0200,2,12,15
e5c4d8e6e21e39fe5f8838c22143cd554e4d8b3b, Thu Jul 6 17:07:12 2017 +0200,1,7,5
e8a3fad62f1c3379110645a902e42c58ea80d425, Thu Jul 6 17:07:12 2017 +0200,1,3,3
1516abda241e47b29b17f13404f9c5a98e9efc71, Thu Jul 6 17:07:12 2017 +0200,4,121,1
0a0e8f9b37a3985d27ced0eefa6549171442c9fa, Tue Jul 4 16:48:22 2017 +0200,1,8,8
aeabe1f276cba70a2ba305eee7866b959ea5c662, Tue Jul 4 16:48:22 2017 +0200,2,41,9
0d154c26135b65b81dc33f714e0bac05d4924fb6, Mon Jul 3 23:06:27 2017 +0200,1,1,0
dc698ff6b0de9bcdf1e32c00aafc08c830909f57, Mon Jul 3 21:55:00 2017 +0200,1,1,0
b22a2685127d28a66e29430e0644ebfb5552f50e, Mon Jul 3 04:12:46 2017 +0200,1,6,1
37b94cc06be58742946abd6658216232bbe2f676, Thu Jun 29 23:32:42 2017 +0200,1,23,21
a8a0452c13745733bf667730c15751079d00f4ac, Thu Jun 29 21:25:22 2017 +0200,2,2,2
6e2c1a4057f48f023a31dd08ed43eb9940859952, Thu Jun 29 21:24:21 2017 +0200,1,4,0
8215de6826d126253df3b7983995262f3651e033, Thu Jun 29 21:08:22 2017 +0200,1,1,1
26ed916ec792c5664c4d1e75bb32bfc089e71244, Wed Jun 28 14:19:00 2017 +0200,2,2,2
ed3af48ff425cac069ec5ef1871e6433b0a7212c, Wed Jun 28 12:42:46 2017 +0200,1,10,4
3fa7bf4224e4740aa4ac2fd46202603c57745308, Wed Jun 28 05:29:39 2017 +0200,1,21,16
20a170213963dcc973e81817e1140aeb47846298, Wed Jun 28 05:28:54 2017 +0200,4,1,0
3b2b6e7c1eb6a8d24c057e7f032e5cd4fea191fe, Mon Jun 26 12:35:06 2017 +0200,7,46,77
8644e1cddac2df86a67e3a407629d8416f8a3c5e, Mon Jun 26 12:35:06 2017 +0200,3,37,35
319b7f4a1344d826ad4e384119057ebf7e804458, Mon Jun 26 12:35:06 2017 +0200,1,2,4
490f81be828490d691339cdf6e4e4472d6698932, Mon Jun 26 12:35:06 2017 +0200,1,1,0
a8ab6d3b7ff9b91d3c1c7c1352b83486ed0772be, Mon Jun 26 12:35:06 2017 +0200,1,2,2
36fe0f3a410858990c992132b4ae8ba4bc511739, Mon Jun 26 12:35:06 2017 +0200,2,9,1
9eed02a30cf9c5ad36c94724ca3ac3b8f09cf7d2, Mon Jun 26 12:35:06 2017 +0200,11,179,159
a0ce9edb0eea7316e3bfe6b5c45235ea34652010, Sun Jun 25 16:30:10 2017 +0200,2,84,232
bd7584c2b2dd5e25be3f8fbec420bebd2dcd6df5, Sat Jun 24 02:06:26 2017 +0200,1,26,26
44e1a7e62d6c89e946a6e7d048cb187a8eef8a3f, Sat Jun 24 02:06:26 2017 +0200,1,5,0
2bf7d83e93dbdcc622a202d36ab7daa69b9a9ed5, Sat Jun 24 02:06:26 2017 +0200,2,27,23
a9cfe4ad0ff4a1d409f8ab23aaeabe7d5bcae660, Sat Jun 24 02:06:26 2017 +0200,1,13,4
876a0ac564b79f7e9e86632f317bfd22c86baf23, Sat Jun 24 02:06:26 2017 +0200,1,1,0
e1f28f3f4fd7dafa1ea036c618451318c7c7e11b, Sat Jun 24 02:06:26 2017 +0200,11,39,39
1aa27115bc324f8cc3bb72e46e8cf5aac81b6b5e, Tue Jun 13 00:18:14 2017 +0200,2,2,2
0d0681304d9a91970ea06ffce9bf98cc5e2db811, Mon Jun 12 17:02:12 2017 +0200,4,12,7
46825dc7ccdf06ad83b106a2dd9d44873f3cc805, Mon Jun 12 05:54:30 2017 +0200,2,2,2
d481c19473061cc6314d22d8ff8e1def7567af5c, Thu Jun 8 04:24:14 2017 +0200,2,48,0
f2ce3e868c91cb84819eb89019484301feffe87d, Thu Jun 8 04:24:13 2017 +0200,3,24,11
d93bc3aa7ee43f11786432148f3ac81f594790ec, Mon Jun 5 04:22:33 2017 +0200,1,3,0
f447b48f9e029847fd7b8ae82a16cf2cc8ec0036, Thu Jun 1 16:55:20 2017 +0200,1,1,0
ff2533e77e6ee23161c7168becc8413a49661129, Thu Jun 1 16:41:29 2017 +0200,2,24,24
d9203aef7c530283d26c9e315702ac87f0afee04, Thu Jun 1 06:52:27 2017 +0200,1,1,1
0f6f08010228c2b4d3a38c66f8e9cfd1d23ad5f3, Thu Jun 1 06:46:25 2017 +0200,3,17,2
0ee5757d36ef3ef02646e34eb465b52a33fa910d, Wed May 31 19:26:34 2017 +0200,1,1,1
f22844c57bdd50dcad46373b76d47b90aa66c6dd, Wed May 31 17:19:54 2017 +0200,1,1,0
26c648b3fdd1d3b8c5cf2ab85ad585a46a28fc7c, Wed May 31 16:23:30 2017 +0200,2,2,2
fab890e613df4e8814b78b6548c9d9f60d5909f4, Wed May 31 14:23:13 2017 +0200,4,10,7
4061a818b2af5a4522eedf46b4e756e1a785f79c, Wed May 31 14:23:13 2017 +0200,2,3,2
c37516456eeca6404f2d61d16561101f84f8e790, Wed May 31 05:36:57 2017 +0200,1,8,9
c0ad0d970830ac680bed6f143743096be82cef51, Wed May 31 05:36:21 2017 +0200,11,52,50
bf4c1698b732ef22266f608db1286149e20bd6e2, Wed May 31 05:35:34 2017 +0200,1,1,0
03fffb2eff8174ceb94e5faef4c86a0de8a9027e, Wed May 31 05:35:34 2017 +0200,1,1,2
d5d5dcfa4bfc343e9d74d9c5c00ba79d8c57991d, Wed May 31 05:35:34 2017 +0200,1,1,2
72beb0e64a73f254dce72d509256d34842855c46, Wed May 31 05:35:34 2017 +0200,1,12,0
e7cd064b1b66206e0d3d2f42f6898961242439b0, Wed May 31 05:35:34 2017 +0200,3,2160,29
8d099b6482bbfac252f0fb182549711166acf9dc, Wed May 31 05:35:34 2017 +0200,1,2,2
a068d2a3e63dd47662d682b56d3be9099f096176, Wed May 31 05:35:34 2017 +0200,1,170,0
e665cf562477803e27ca2621bd596b419e6aaac8, Wed May 31 05:35:34 2017 +0200,1,1,0
54d591330a686ad5932447180b19c760e7f1f0be, Tue May 30 18:07:28 2017 +0200,1,4,4
a98afbd958c3e37c6d5af4e04c094977a5e31306, Tue May 30 18:07:28 2017 +0200,1,1,1
f1aaa8a3a5fe783dcb9008fa722bac755751a719, Tue May 30 18:07:28 2017 +0200,7,15,15
672b76a098b99102a46712b1d982f550f97806f2, Tue May 30 18:07:28 2017 +0200,6,73,77
fd1e80d9f4bad1805d801fc4501d86807c93a9ec, Tue May 30 18:07:28 2017 +0200,4,30,15
499d37da4f1602ca83315efb8741347d02899c7b, Tue May 30 18:07:28 2017 +0200,2,6,7
6a10ce00780c3060e55b5f8029f28b0619a69b9c, Tue May 30 18:07:28 2017 +0200,7,61,35
46b544083fec9b0a76dd15a5e0c685e935ef2ce5, Tue May 30 18:07:28 2017 +0200,3,1055,11
8d9c45ad72a61aa0e634a7f708de6a8f5f705294, Tue May 30 18:07:28 2017 +0200,6,1048,12
1398093d14a6b1b4064f3dd5513ec67c38683193, Sun May 21 17:46:31 2017 +0200,5,27,14
1426d5b77c08af0d72a6a46d8e9226c4c4f7a505, Wed May 17 19:52:41 2017 +0200,2,2,2
d3d647879aa352b179172c312f31f73d55c8024e, Wed May 17 18:07:42 2017 +0200,1,1,1
b50e0c0fc218d5d058218fbb77840debb9efd797, Wed May 17 18:07:42 2017 +0200,1,4,0
ec9891feb97d6f8ff52126bbdc75e8ae81991f7a, Wed May 17 18:07:42 2017 +0200,1,3,3
dde5170b9ebe278eeadd8a5f8195ff9a9d4d6203, Wed May 17 18:07:42 2017 +0200,3,6,5
41e7aa153984364087a9ef07eca02c72961825c7, Wed May 17 18:07:42 2017 +0200,9,151,161
a2223db43496574b9211590f0dea09a718c6ca62, Wed May 17 18:07:42 2017 +0200,2,157,21
4a7206072d486d84c1db0c8324daf89e956571d9, Wed May 17 18:07:42 2017 +0200,2,13,12
d468f555c69d16007333be92b6202b429e58aa57, Wed May 17 18:07:42 2017 +0200,1,13,4
a41fa7b3add4a4505b827b3f61c60db8e6e89947, Wed May 17 18:07:42 2017 +0200,4,181,14
dd5256872f6cc84f03e4ce32e3be853279987e3d, Wed May 17 17:11:12 2017 +0200,1,4,0
89d400ab5fedbe30982bfb278158a5cf1abbf239, Thu May 4 19:04:02 2017 +0200,1,4,0
770d95812027f53053aff9e4f151d8765e79b9e9, Mon Apr 24 02:58:07 2017 +0200,1,2,7
acbea448e299b360c923ae2dc100c4a4ce6f731c, Fri Apr 21 04:32:21 2017 +0200,2,2,2
f2c9cd05c8a9f96e6f4073af13f45960a2b29ab1, Fri Apr 21 04:31:26 2017 +0200,5,634,439
08c09a63fd766e3557c8e63acf3dc90c86549a1e, Fri Apr 21 04:31:26 2017 +0200,2,35,0
47559171643131799d76511cf7abdf81a2029e39, Fri Apr 21 04:31:26 2017 +0200,1,2,1
a6c869b49eed2a83a63c9f1247a61455a6ec1358, Fri Apr 21 04:31:08 2017 +0200,1,2,2
996511c7664fb4bdd2cf9d4d81e935863557ae3a, Thu Apr 20 22:53:00 2017 +0200,1,2,2
2b77dc31f96831d35bebe73e28a6654a9abaea6c, Wed Apr 19 18:26:32 2017 +0200,1,1,1
9822e69ad68011a5a568b298ad617208730e1ebc, Fri Apr 14 23:16:12 2017 +0200,1,18,7
65e974275bb36fb5e2355b61e7a57cddab5065a2, Fri Apr 14 14:28:43 2017 +0200,1,2,2
c865218afdf03e3b6305dbfe2dd3c4d2df67bfa7, Fri Apr 14 14:28:43 2017 +0200,3,21,5
ec6816a206cc20b42909932324ba6f6505e8c767, Sun Apr 9 17:30:40 2017 +0200,1,3,1
c9956990d49e501696f9c9fdb9f1345381e6724a, Sun Apr 9 15:27:33 2017 +0200,2,2,2
175cef34995822ec70a483ed3cef4f355d853dc3, Sun Apr 9 14:30:05 2017 +0200,1,2,0
486bd5a9e9b7b901b54bd309cf930ead8ea56ca7, Sun Apr 9 14:24:12 2017 +0200,2,7,7
f687fef304b12c2868e367372dbc9a6160a54a50, Sun Apr 9 07:31:00 2017 +0200,3,106,5
0d57d0f326777cec3f13c2b298760c6fc5edffe5, Sun Apr 9 06:25:20 2017 +0200,8,240,7
7a1eab5cb8879818b9dc4a5305d5be5e2d0bd7f6, Sun Apr 9 05:39:28 2017 +0200,3,132,8
390f012f41d60215a4eed92a8d19ce7efd3707ff, Sun Apr 9 05:20:27 2017 +0200,8,579,111
dfed22fb89b2a776ad4977d9d00ea319a6089d93, Sun Apr 9 04:56:00 2017 +0200,1,4,6
f5153070f9c5007a037c80ce56f4eceb99b09c0f, Sat Apr 8 01:49:32 2017 +0200,2,3,3
7399a83b0de7c4eaf9a2253e52ebff1f820de5b2, Sat Apr 8 01:49:32 2017 +0200,1,1,1
0136e8870974b8fa92030d80064f1a4549bfab46, Sat Apr 8 01:49:32 2017 +0200,7,31,29
ad05185de7870e47ae1b5b6a4b32cb31d2d9e155, Tue Apr 4 03:44:35 2017 +0200,4,45,94
0656a29de11c3c9ab2cd3d187c8bfc8507e78aaa, Tue Apr 4 03:44:35 2017 +0200,3,22,14
f7d65b3268ec8f11d0fbf455ce8f7b00b0f79c47, Tue Apr 4 03:44:35 2017 +0200,8,81,78
bf71248a46a64955c53b59fe6bcbc9c35094d1c6, Tue Apr 4 01:14:08 2017 +0200,1,1,1
81ac2f7e21746610fb43d2e5e4e27641e55bcb0e, Thu Mar 30 18:14:39 2017 +0200,4,22,32
d0f463048f12854a4901386c5fb446cbdc6fd51c, Thu Mar 30 15:58:30 2017 +0200,5,74,43
b0520f85366095675ff59c112f2060ad9ce7df80, Tue Mar 28 11:55:27 2017 +0200,1,20,0
df3c824b8ef2f824771d921a0aa10429f8c2b064, Mon Mar 27 17:33:57 2017 +0200,1,1,0
02b7efc01af786324a231ecb20fed7eb5c20a5e6, Mon Mar 27 16:35:11 2017 +0200,1,4,0
73d21fc1e692f2ccf2729d5656417d04fd53e8d9, Fri Mar 24 04:45:08 2017 +0100,2,2,2
b926c835dd334f30cdee95dbc364edc3bb62e1a2, Fri Mar 24 04:44:27 2017 +0100,2,31,15
4fb8ba017d796b9425be42e6ed39c4e24496e89f, Fri Mar 24 04:44:27 2017 +0100,1,3,4
9a21a03d6871292dce9115fac715b9fe85734cf7, Fri Mar 24 04:44:22 2017 +0100,1,8,2
34ed38dac79bbd8a80fd73857d045504e25081bb, Mon Mar 20 15:21:02 2017 +0100,2,2,2
1cf6ef7e7f4b8882bd289ec254cd83731a7e11f3, Mon Mar 20 14:02:31 2017 +0100,2,73,162
233e5b29b1ac39a86c15f0ece862b88965b3901b, Mon Mar 20 04:00:15 2017 +0100,2,2,2
2e6e03366543069811c9ea189340a73cd000a29b, Mon Mar 20 01:02:06 2017 +0100,8,158,159
05acbf5bbbf5f6a377dc001ac945ea8e214c87b8, Sun Mar 19 23:11:31 2017 +0100,5,3699,24
2fc244a152cef280b88ca1c33a1258aec3bbdc4b, Sun Mar 19 23:11:31 2017 +0100,9,613,8
d43629d000c2367462bc61ab8c3685abac8f2227, Sun Mar 19 15:34:46 2017 +0100,1,1,1
b323b7f9d78e6b4b525fecac6c72d54aa3c42c73, Sun Mar 19 15:34:46 2017 +0100,1,1,0
b42320fdd8354b7fee47b52b68d730911e57e534, Sun Mar 19 15:34:46 2017 +0100,3,20,4
0cd737b5c78f6ec118e6aaea249ba22ced6cfd53, Tue Mar 14 23:43:51 2017 -0700,1,3,3
cba7e5200fafa599f5c65c981b05cd1aaa5277e3, Mon Feb 27 21:27:11 2017 -0800,1,4,2
f21b7267cca69590987d287a1a973715f3e3d4dc, Mon Feb 27 15:27:47 2017 -0800,1,1,1
5763a32e962eeeedb270080a6b082ab94c872d47, Mon Feb 27 15:03:15 2017 -0800,2,11,3
11a6272ef82c37764ae57ee8ff64ac49e0d61352, Mon Feb 27 12:13:14 2017 -0800,1,12,30
94380b5117b82aee78504a4199697ef2e2f1c52e, Mon Feb 27 11:55:13 2017 -0800,1,1,0
6f3d335376a26b703e6aca96c1d219df2e78b8bd, Mon Feb 27 11:55:02 2017 -0800,1,4,0
39cdfc7d31c75f1ccc002ca503a075de3f0f8c23, Thu Feb 23 16:21:33 2017 +0100,2,2,2
4b2ae43241e116fe50caa92f70655bde8ccb02eb, Thu Feb 23 07:09:49 2017 +0100,2,10,0
7a30df394cda98f35a2274bfad27598f1064f685, Tue Feb 21 20:11:21 2017 +0100,1,30,1
eb133aa1045bebbe27fd5cffc37f7c84b31fe08a, Tue Feb 14 11:56:53 2017 +0100,2,2,2
da47bab65173393e4160b1420c8dbbd60e094b2e, Tue Feb 14 11:56:17 2017 +0100,1,1,2
6597a767503ff005ea7391ae9eedb50917c21fe2, Tue Feb 14 11:49:04 2017 +0100,1,5,1
fb39783f91357faa6dd476c9ce9e6c138d5b134e, Mon Feb 13 21:57:51 2017 +0100,2,2,2
a7805a4412a738649ce764a5a8bb3cd44a97672d, Mon Feb 13 21:55:18 2017 +0100,1,1,1
0b679ba818cb68495670c7ae4fe95a93f1132220, Mon Feb 13 21:55:18 2017 +0100,1,2,2
bdc0caee9cf2dfa40f46d0e96f9c944463d77830, Mon Feb 13 21:55:18 2017 +0100,4,13,3
95507a57344431b890c12f3132a019f31d824b01, Mon Feb 13 21:55:17 2017 +0100,1,2,1
498412f71f5443aa0a548bf71c5e5a55c6046f3f, Mon Feb 13 21:55:17 2017 +0100,1,2,2
624b01237afeccb96465232d8cfe20e2872a05d1, Mon Feb 13 21:55:17 2017 +0100,1,16,53
9ab07fd76ef631729aa96c5c23e575b19e6c6b77, Mon Feb 13 21:55:17 2017 +0100,15,991,327
8906775bd1ceee2d35aded80630bbffaf5d955b1, Tue Feb 7 12:21:22 2017 +0100,1,1,0
58e9c9542342c8b4ae1cb379d93358d3146e0fb0, Tue Feb 7 12:21:22 2017 +0100,4,25,38
9d3e3ce80f90ede1d789fcd27d9dbd9c63a00761, Mon Jan 23 18:56:31 2017 +0100,1,5,20
f9e7708ba3e47f5b82e0e1f0dea89e3630b2c163, Sun Jan 15 20:45:51 2017 +0100,1,1,0
61212686faa6f50a1bd2e30e0665075bdb6849f3, Sun Jan 15 13:05:50 2017 +0100,2,2,2
eb40185e00b7039269c620f4f733176861ca1d46, Sun Jan 15 10:34:40 2017 +0100,1,2,2
4da2ad92155a6f71012c25a47195637e48153446, Fri Jan 13 05:25:46 2017 +0100,4,9,9
1350390458461897bf26760a908571905d871bcf, Thu Jan 12 13:30:44 2017 +0100,1,1,0
90942a2c0b377c185da7b0040121a75a3f3806e0, Tue Jan 10 06:36:19 2017 +0100,44,45,45
5685eb8ddb89fa0e5b117ef0f892b6783fdcefb4, Tue Jan 10 06:29:24 2017 +0100,2,10,9
7fcdda0253306475b5abc9318c1cff7022873d69, Tue Jan 10 05:36:43 2017 +0100,2,23,20
379f198c207afbf7fba71c9fdf2e401e7edcdd3b, Tue Jan 10 05:36:40 2017 +0100,1,2,0
4fe017a2ebd0f21e0203017a1df49b2ecc48087c, Thu Jan 5 03:44:40 2017 +0100,2,2,2
258be57956b97d40b66406d1be5ecff24f0681fb, Fri Dec 30 17:57:43 2016 +0100,2,2,2
ae95e113fa07becc66cae0b6cbf4f51fcb28991d, Thu Dec 29 20:11:25 2016 +0100,1,2,2
7bd9f96d8f9fc838f1328efd52b68717502b7e09, Mon Dec 26 19:32:30 2016 +0100,4,33,8
bf6f63810f4c6754328bf9ec726e7f09cec786b7, Mon Dec 26 15:45:12 2016 +0100,1,4,9
3ec9bc7f8498778b1161d2576bdd55d651519a47, Mon Dec 26 15:01:15 2016 +0100,1,11,29
98f4faa78170d46587fee3b3934a2ea0c878bab2, Mon Dec 26 08:05:08 2016 +0100,1,1,0
d994f3e19b95a9377d28a5f6147c7bbe49a10bbc, Fri Dec 23 21:09:56 2016 +0100,2,2,2
23fcffe5a6731591c0611f56f920d6d29184337d, Fri Dec 23 21:09:23 2016 +0100,8,204,43
2dea6b0f8353ddaaf0925614c58bcf9a45d68ae5, Fri Dec 23 21:09:23 2016 +0100,1,9,16
ceed7e873e84eb61265fe50f253581160122a203, Fri Dec 23 21:09:23 2016 +0100,1,2,1
0cea09ab486db506ce7d3b786c51e2f6d162293c, Sun Dec 18 18:34:03 2016 +0100,2,2,2
1fb7b43eed281a14752c1a225c930cfe2b68dd0c, Fri Dec 16 19:59:05 2016 +0100,1,9,5
a74be0f2e8e92703a927c4c99a697e46049eb739, Fri Dec 16 19:13:42 2016 +0100,1,2,2
a3167190eeb97ea94a2bc98f52e2daaeb9277d81, Fri Dec 16 17:05:29 2016 +0100,2,2,2
6033cf88a7971e27ba95233cd82f36be55dfc769, Fri Dec 16 06:56:39 2016 +0100,2,2,17
13aa2b4d464c6c606c31b378ea76c23e73f23b2d, Fri Dec 16 06:35:58 2016 +0100,4,22,15
4e1cf0bd5f9db159bb1627078ea2147a24881cae, Fri Dec 16 06:35:58 2016 +0100,15,403,187
4345b0fed3b1085ac4d242c82742dc3c3d543ab6, Fri Dec 16 06:35:58 2016 +0100,1,1,0
676859b6b435b7b21eeff6da524ba0b3aae4ea45, Fri Dec 16 06:35:58 2016 +0100,1,8,11
50f487816ef5f2a50b1b1ec141e4817cb6f2bda5, Fri Dec 16 06:35:58 2016 +0100,1,8,8
746e4b86eba7cd89d23a3e89b8979b795b9a4a65, Fri Dec 16 06:35:58 2016 +0100,4,26,24
b40dc5be9739c362329ab5741886447b9a1fdf44, Fri Dec 16 06:35:58 2016 +0100,1,19,33
cb65731e57858bab9b60afedd70252cd3f3a6697, Tue Dec 13 02:49:49 2016 +0100,9,37,30
13e1a47b6c309885f547459a223603ca91055365, Mon Dec 12 06:01:52 2016 +0100,1,7,1
26e3b9b54fd2cb2dd5b7ca96c762e90d0bec65aa, Mon Dec 12 05:01:29 2016 +0100,1,1,0
2af27f772b6a487bcb29673a9b3f8fd551acc34b, Mon Dec 12 04:51:34 2016 +0100,1,1,3
848c9e0f074095bfd680bd29cac120cc2bb2856c, Sun Dec 11 14:37:45 2016 +0100,2,15,18
f42007a68fc5a608dc3fd96a3c1f708cd5f4e7bd, Sun Dec 11 14:27:40 2016 +0100,2,555,554
32216b8d5dc5a6f0e3185b0d959e4db855ce7ac5, Sun Dec 11 14:25:28 2016 +0100,23,419,419
d8331fc7dcacd721a1d1ef85336faa99f19b3e82, Sun Dec 11 14:09:35 2016 +0100,1,2,15
9e9e47b997630b0fb9831770d868368ee67920e9, Sun Dec 11 14:03:10 2016 +0100,1,2,6
8bbcdc02e96466b99729e4efef74e4abd6665486, Sun Dec 11 14:00:06 2016 +0100,1,20,27
cece8e12756aa0a1dc3dd0194577b8a24c297131, Sun Dec 11 13:59:39 2016 +0100,3,18,14
8e3ea8565c2915bf99f606689b5b31bee8187d2d, Sun Dec 11 13:38:02 2016 +0100,1,1,6
016cf33ba894d477cc3d5b15ef35c4bd110744c5, Sun Dec 11 13:30:32 2016 +0100,1,1,6
6667846c38afee8570a93921d3de24ab525246ee, Sun Dec 11 13:28:06 2016 +0100,1,1,10
e5ba407f8f08c812d9bf5088e51c54644839c85b, Sun Dec 11 12:45:34 2016 +0100,1,8,2
3ce242a568c5c565e42ee70a32c6fd41cb5fa5a7, Sun Dec 11 02:35:24 2016 +0100,1,3,3
0aa8d3bc8cc3adb356f7486fdddd0928af3a4a14, Fri Dec 9 21:44:50 2016 +0100,2,2,2
98a7653cb120e82b53069b433c09db746d9f8f62, Fri Dec 9 21:31:12 2016 +0100,1,1,0
58058ff528cf78b7a2afb625f8dd21f829673f04, Fri Dec 9 21:31:12 2016 +0100,2,10,8
eb2513fdaa0f9b589e5b525cdf973b4751d91fe6, Fri Dec 9 21:31:12 2016 +0100,3,15,0
cf167e019d88cd0e78858b8cf2cc6c8c32435594, Fri Dec 9 21:31:11 2016 +0100,1,1,3
cce023cbd496c466f35a3d5a20730d8b210ef0c1, Fri Dec 9 21:31:11 2016 +0100,2,10,0
c2ea3e315e521619758fdaeea4a4912ba719e66b, Fri Dec 9 21:31:11 2016 +0100,1,12,12
0f94cbadf93b1f16546a7c9667ac222c8fede9b2, Fri Dec 9 21:31:11 2016 +0100,1,33,43
1188008184d598f4286a0e7af900e692465f8b9b, Fri Dec 9 21:31:11 2016 +0100,2,2,1
ede883632b7ec00a58bfe061242654497d99a395, Fri Dec 9 21:31:11 2016 +0100,2,35,2
f8c783d1df62700c1e4ede30f137f5013b6b729a, Fri Dec 9 21:31:11 2016 +0100,1,6,0
c3afea51639e641460c2d9b53511d90cf2f157d1, Fri Dec 9 21:31:11 2016 +0100,1,3,3
a1a68f247aa7dfbcbe1cc73b3fb154914c4913ca, Fri Dec 9 21:31:11 2016 +0100,2,32,2
c71fd4aa460df823508f1dd06504631a74485842, Sun Dec 4 17:13:00 2016 +0100,1,12,7
a85f4b7349e2ce2aadc2546609578289aa886676, Sun Dec 4 03:36:19 2016 +0100,3,11,11
73a09df16fa6e7f303777dd5a55f3b0decc59c78, Tue Nov 29 23:29:22 2016 +0100,1,2,2
a76963728a08b28a9fb6ff03c88416d8da00419c, Tue Nov 29 22:56:39 2016 +0100,1,1,1
10ee8d85e07e0d1bcd10d56bfa3ccbaaa8cfba8b, Tue Nov 29 22:13:52 2016 +0100,1,11,6
92a8e5054807e1c314fbc4b56cbdfed4d2108c75, Tue Nov 29 21:59:19 2016 +0100,1,6,1
4fc48ada0f2d5bf6f9c155e72fafcf4d1da95e96, Tue Nov 29 20:56:41 2016 +0100,1,2,0
76054416dcf0e0f20bb5c341ce256a54ea0b9ab5, Tue Nov 29 20:56:41 2016 +0100,1,2,2
2ecd4125d652c93cd48745a90e71e82ac0833f4a, Tue Nov 29 20:56:40 2016 +0100,1,1,1
fa449736cd339c8b81a757ce5f156625a05810e4, Tue Nov 29 13:18:33 2016 +0100,5,74,48
5442adf8d39675989193a7d29c6e5be59e3942e1, Tue Nov 22 17:10:10 2016 +0100,2,12,5
265ba80c68fb2b9900bf66873854e564eb82e3a7, Mon Nov 21 06:22:22 2016 +0100,1,7,0
e6e1fd126c90749576473c235c69e89657f4d78f, Mon Nov 21 01:00:07 2016 +0100,38,41,37
a361c3b6fd1f9fe282e86b70f302610e985b3892, Mon Nov 21 01:00:07 2016 +0100,4,14,5
e688c09d6a0e75ae559ab79a331963f6f2ebf1b6, Wed Nov 16 21:27:23 2016 +0100,1,1,1
db198e156efe3fa09e297fa74153e8dc8363bda7, Wed Nov 16 16:04:20 2016 +0100,1,1,1
f9c168da7e9905ec397c857dc2a2133047d2ea65, Wed Nov 16 05:43:09 2016 +0100,1,1,1
09589ebbb1001edc8be52c45545a70ccd5d4eba6, Wed Nov 16 05:27:44 2016 +0100,1,2,2
95e81892c9b4d069bf7d064ed8a644e92e751abb, Wed Nov 16 04:25:05 2016 +0100,5,21,24
6e71b31d5116a9260be12e855672196bcec618cb, Tue Nov 15 20:19:20 2016 +0100,4,6,8
d60ef8063c80b899b57fa1450ba48eb9d42a620f, Tue Nov 15 03:07:51 2016 +0100,1,4,20
71b15acad542f8094bc3554b3a0c4973eddfbaf9, Tue Nov 15 03:00:31 2016 +0100,1,18,18
480775ce1469a9af75092878f14d338f85ca6c9c, Tue Nov 15 02:45:56 2016 +0100,2,43,0
f720efb41ce78afb702e4f8d8967e7f2192ec35e, Tue Nov 15 02:42:36 2016 +0100,1,7,7
47b7ab7a6c1ccc98e98fd50ac8a9edfc22c587f3, Tue Nov 15 02:42:36 2016 +0100,4,37,52
032d0526c9b52d1391fc14fa532ef5162e4c1822, Tue Nov 15 02:42:36 2016 +0100,11,135,122
450e45d9570450e6a10323902e4198c30cd312a0, Thu Nov 10 16:28:48 2016 +0100,1,260,89
6de3d1ca89828354f7a1e2ca88b268bd3333ccdb, Wed Nov 9 04:44:23 2016 +0100,1,1,0
66d2934004f39527c77c09a0ab09bc91f0310891, Mon Nov 7 23:28:01 2016 +0100,1,6,2
aee74552baf256d5531519a861a8ddfd9e2cd44a, Mon Nov 7 21:27:58 2016 +0100,1,12,0
a1d244771e7528b9a1766e36d18950360983b8d9, Mon Nov 7 20:59:20 2016 +0100,4,41,36
573fe64489ce2b08d4afce0901ba02ff505b5b98, Mon Nov 7 20:47:52 2016 +0100,1,7,36
8712fea4b28eb97973f766b66396bfb3056ac506, Mon Nov 7 11:52:02 2016 +0100,1,1,1
8ab6f188f5dff1e173a85d05f443622029b5ac37, Sun Nov 6 19:50:48 2016 +0100,3,11,0
468424d08834cac9a5b494dc88048da1af110af3, Sun Nov 6 18:39:28 2016 +0100,3,6,6
f7483321a25f8ce8e919ff635798db75976a11e5, Sun Nov 6 16:58:57 2016 +0100,1,3,3
a7b458b257d722000e2b518e4e6141c49f30c761, Sun Nov 6 16:22:45 2016 +0100,1,1,0
83596c0bfd1e5e563cd13efa4591a74f395c1b04, Sun Nov 6 13:10:47 2016 +0100,1,1,1
6d2183e5cd85bdeae54d29810ef9d52da581d005, Sun Nov 6 13:09:20 2016 +0100,1,1,0
540cbccf3eba6803dd48c5b7cc054e3b7677159f, Sun Nov 6 12:43:30 2016 +0100,1,2,0
9d38dacb2712d05568590ad8691c7b27ee9d4424, Sun Nov 6 12:14:27 2016 +0100,1,1,1
6e96d730778ede3be025d0badc7af7478bd988a1, Sun Nov 6 12:12:20 2016 +0100,3,14,21
4d507da21c4ebde37efd85c5cc727fab26f5404a, Sat Nov 5 23:37:35 2016 +0100,1,2,3
88752e06441b212029fe8d9fcc3c605ddbc1586d, Sat Nov 5 23:37:31 2016 +0100,13,48,48
52846a7ca04b0e0f1541c0db71ead44a422a9fb4, Sat Nov 5 17:48:46 2016 +0100,1,12,2
8772b00d3ad7bb74abf69ba72d71c52e4656f545, Sat Nov 5 15:28:02 2016 +0100,1,3,3
a547e04ea89ab4bd0b35647a22ee90c0b0d39c4c, Sat Nov 5 14:34:00 2016 +0100,1,6,1
0b83d4c71a812f50120029af1f833c1ea8954b5c, Sat Nov 5 13:23:42 2016 +0100,1,1,1
eaf56b2b0b7c053eb5fcf9356b3de8cdf91f2d34, Sat Nov 5 13:22:55 2016 +0100,3,11,3
7f4c9be620c7f58e7f5386daa75a6e27e50ad303, Sat Nov 5 02:51:05 2016 +0100,3,170,193
04c0a0c828b5372c0f0b56716efd2590604e2ca4, Fri Nov 4 19:03:18 2016 +0100,1,2,2
7e3ee88aab795d44b53f2c6d967f2fb5140554f6, Fri Nov 4 16:49:06 2016 +0100,1,3,2
1180648e666953a13818c883f9c866e51ad125ad, Fri Nov 4 16:00:22 2016 +0100,3,91,61
c01561b5ee35086d0c40d1892d7beec3d8ebce97, Fri Nov 4 14:38:04 2016 +0100,3,46,59
5d304c0863b43f3149f48e4cadf1e95bcba26706, Fri Nov 4 14:22:48 2016 +0100,3,140,216
91ff061cc5efd24fc9a6a0324f340c9c27aa8489, Fri Nov 4 12:54:26 2016 +0100,2,8,8
835a11c7c1abc5ad19b0972b45d28169f8965958, Fri Nov 4 12:54:26 2016 +0100,1,8,1
339b9c47d9aed8244c0cb1365a78b1918e5e69a1, Fri Nov 4 03:38:54 2016 +0100,3,16,1
4db38d808daaa1a5ba79f87018a4e7240e1a331e, Fri Nov 4 03:11:21 2016 +0100,6,68,102
1eded2e80094d3419bea64bc10e92df471e4ead7, Thu Nov 3 21:28:30 2016 +0100,1,1,1
efa85755aa424491d9ee771f548448d3a1b0f4f5, Thu Nov 3 15:29:49 2016 +0100,1,1,1
4eba1b06a1d5792af28db74da2e430729e41ffd8, Thu Nov 3 14:34:03 2016 +0100,1,1,1
95e2e081ce3d5da5a53b8bc535e2e0322be63f23, Thu Nov 3 14:01:01 2016 +0100,5,42,46
923c05ed149c0aeba12e38aeb59212eb793a936e, Wed Nov 2 06:32:03 2016 +0100,2,4,8
a51f47d58a813a692698ef2a41b50313e3c2efee, Tue Nov 1 20:08:14 2016 +0100,3,13,4
d90c71a653c13bbbf1abe61f221a0e50aec4fe2e, Tue Nov 1 20:01:59 2016 +0100,1,2,2
6466b384adee7f508a7cbfc17aca8b17dd61a732, Sun Oct 23 21:18:15 2016 +0900,1,3,0
13a3e7de2a4a140b65890b08201c7faf9a411280, Sun Oct 23 19:20:52 2016 +0900,1,2,2
3cc06eb2b2219af5720134ee2dea53afca6549ca, Sat Oct 22 17:12:30 2016 +0900,1,5,1
f530808906141502dc8944bca5b822970b4dead7, Sat Oct 22 16:52:26 2016 +0900,1,7,0
2a0f2b2a4acbb93d263293f4b69605eb7006e6f7, Sat Oct 22 16:45:09 2016 +0900,1,1,1
5eee1f39032c894e6cb30060fa8bfb7859eff729, Wed Oct 19 17:22:13 2016 +0900,1,5,1
99e4518974d6326c1f4c8d3ea187cd1f147e310a, Wed Oct 19 17:22:13 2016 +0900,6,44,66
ffee48b50b8d38bd5377a04e42416df8391eed6b, Wed Oct 19 17:22:13 2016 +0900,5,50,8
3dbcfc872be75b05eac00e8b1b02d2a696ad45db, Wed Oct 19 17:22:11 2016 +0900,2,9,12
a24f287e031ba40d0b097e12117e829d5bfef443, Wed Oct 19 17:21:49 2016 +0900,1,4,0
60f41e89e367b87223dc6e77cc75ef977b521edf, Wed Oct 19 17:21:49 2016 +0900,1,1,1
e465dee018b3471271e227f1e17290162d7164a1, Wed Oct 19 17:21:42 2016 +0900,3,2,3
4f5ad78e4332736ca9c9a3ce4966bf595e747770, Wed Oct 19 15:45:33 2016 +0900,1,19,1
b4dbf30e504377905fac5a6f606761e4630537bf, Fri Oct 14 17:44:49 2016 +0200,1,1,1
5a5a3c55d4291e2d2778cfafbb3f5c3ca003f38e, Fri Oct 14 17:38:16 2016 +0200,1,1,0
b228ae7d5911d0bd39ec61164594ebece2f4e510, Wed Oct 5 02:40:34 2016 +0200,2,14,2
e86a1c29783ad598175a28959b21757199774591, Tue Oct 4 21:52:26 2016 +0200,1,2,1
9b520f2ccde88230b2f2cee71548954a2aab6f3a, Sun Oct 2 06:24:10 2016 +0200,2,14,1
3e42f8abe1b90c5bcc4a5190e2038e022c3dc30c, Thu Sep 29 21:49:50 2016 +0200,1,1,1
2476ed3f929d2e5692c4074fb925a4a23c249b05, Thu Sep 29 19:31:22 2016 +0200,2,3,2
25f0265671c1887f30cf46cd9495290acacdfa9a, Thu Sep 29 19:25:30 2016 +0200,2,97,59
7dbb44fcbea3bbed2c73919394e22865552b7c0d, Thu Sep 29 19:25:30 2016 +0200,32,187,179
0b9dfadd25b60bf2fed43d5b553098ed70028374, Thu Sep 29 03:47:15 2016 +0200,1,30,0
be7efbeb3c9ae7719832d3cc145e4b2cb1c72b6a, Mon Aug 29 22:37:44 2016 +0200,4,38,16
18acc219f623de2b7248de851390d76372d55616, Mon Aug 29 22:02:47 2016 +0200,1,4,4
95c21abf8cbdde52327e83f77277a84bc95d626c, Mon Aug 22 14:28:57 2016 +0200,1,2,1
13e085e07d5df972e2b10564a305040ac2571f82, Mon Aug 22 01:56:00 2016 +0200,4,3,3
023946ff3bcf0817f23467a1d900e0f7bcecd1a5, Mon Aug 22 01:47:28 2016 +0200,3,7,5
c5c984b37db39ecbb5e7547f040b6d2b9e84dee1, Sun Aug 21 21:29:36 2016 +0200,1,19,4
12f4da11ed1db15f644ab13095483a51d4583022, Wed Aug 17 15:59:25 2016 +0200,3,98,32
e7c1aac62b8ffc3480baeecd036120da4de8f516, Tue Aug 16 19:18:14 2016 +0200,1,1,2
61b57c7c8c3f8f10b7e4ab313f31d345931863cc, Fri Aug 12 16:17:24 2016 +0200,3,34,1
bc7adc9e1729b464b1890cce283efb58134cb902, Wed Aug 10 13:34:32 2016 +0200,1,6,0
fea51237d2d081d4577ede3d77cf318cc2ed3b46, Wed Aug 10 13:29:02 2016 +0200,1,1,1
5eb758e4a3aa8f6ec60313abbcd8cf2b2bc481e1, Wed Aug 10 00:47:09 2016 +0200,1,34,19
fd063f387ae3512adb5c4b0432db3278bc00b23b, Tue Aug 9 17:49:45 2016 +0200,1,8,2
8b2a1ea49498e9a0b6df96c5017583ff8a1d199c, Tue Aug 9 01:32:48 2016 +0200,1,7,0
c69837ad5d45c546b8f15c87480271a76359406a, Mon Aug 8 17:26:36 2016 +0200,1,12,4
2b3882d8f471d4f7b0aa7d2d742f6fa417771c64, Mon Aug 8 15:44:42 2016 +0200,9,609,237
50de526e796ec66f03086d660dcb81a385340eb0, Mon Aug 8 14:05:37 2016 +0200,1,4,7
fdd99220e92e7ca59a38ee6ff6a87ba157000556, Wed Aug 3 13:46:36 2016 +0200,2,16,18
a77d553a3a0f7d726a9134497b3a3263adf82536, Tue Aug 2 18:19:20 2016 +0200,12,422,414
13e89d486079dfbe3b80a62d810c5ec4fad4c88b, Tue Aug 2 02:55:43 2016 +0200,2,21,1
427773bb1732d2742994141a3a3b5ab63ab87f1d, Tue Aug 2 02:55:42 2016 +0200,1,1,0
650a68f64686aa7800a33ad1591d29032a34c7ad, Tue Aug 2 02:55:42 2016 +0200,1,4,4
598f4c8542b3152f7cfb873532724e5db1eb1092, Tue Aug 2 02:55:42 2016 +0200,13,48,48
cc605ab76a8dd926a28a8e9b857fd09606a524f6, Tue Aug 2 02:55:42 2016 +0200,1,1,1
7ac9f9195119295fa81313ea856f1bfec4c55fe7, Sat Jul 23 12:41:39 2016 +0200,1,1,1
6766d7fbba1b2276a28828a15d24c19be05c41fe, Sat Jul 23 00:58:05 2016 +0200,2,9,9
2d8170c259fd234c9608df2481f8f5a93f4fe387, Fri Jul 22 20:30:34 2016 +0200,1,16,0
d23fe2901d9877a60cd219d0d49df01aa07f5940, Fri Jul 22 16:48:51 2016 +0200,2,7,1
82831962b88b03ac4ced09e62e2822dfe482bb5b, Fri Jul 22 15:17:15 2016 +0200,1,1,0
8ac1ced115caea70719a29bb9fb2f6f04b324b76, Fri Jul 22 14:27:43 2016 +0200,1,9,3
6a8ab6827eff17f48bea20c811441c93cea264d4, Thu Jul 21 17:20:38 2016 +0200,1,1,0
29a29f13435bb7dd8be04c4c3138ce2b76a082e9, Thu Jul 21 17:18:19 2016 +0200,1,2,2
e03350e0a437a10fb859a556d5adf23b257da409, Thu Jul 21 11:40:01 2016 +0200,1,1,0
db51f00a1d99387458ff2637c8e8f443de745acb, Wed Jul 20 22:04:56 2016 +0200,1,9,0
f650e11c1e0a46dabbd6254dcbbe37174ac45bfd, Mon Jul 18 03:41:57 2016 +0200,7,76,84
ab013cc1adde5e5e2aa06f3ce451e76ca3494b0c, Mon Jul 18 03:41:57 2016 +0200,6,299,49
ea6d4a5caddc48c26dc9dcd8c6a510d03c7648f5, Sun Jul 10 21:44:38 2016 +0200,1,1,1
5ee298c4fe47e59b95d6ba4d2ef8b8198569ecf6, Sun Jul 10 21:44:38 2016 +0200,1,1,1
e9ccb85445153e5fa09d607f9afbd5a78b534844, Sun Jul 10 21:44:38 2016 +0200,2,8,2
45092f8fb277fc45d7dcfa49bd549fbed10d44e7, Sun Jul 10 20:24:26 2016 +0200,1,6,3
c60e34aa2cb6f372c331184fb20eba3108c6f97b, Sun Jul 10 12:54:02 2016 +0200,1,8,0
c4c3a558a1f476b3a49f33790c570a9a63b78d04, Sun Jul 10 03:46:56 2016 +0200,3,5,5
2e1bceea1388e2bd57b4ef17fb21190a8755d71e, Sun Jul 10 03:46:56 2016 +0200,7,13,11
4a5231e2ba26f8567faffe2fac83fe8cabf52160, Fri Jul 8 23:55:23 2016 +0200,1,9,6
bcce73b296e6b8e439dd480f50518f6c08ad6910, Fri Jul 8 20:45:32 2016 +0200,1,3,1
8a4a28ebedde10ff6345df6f954299d2247aa19f, Fri Jul 8 20:30:57 2016 +0200,3,4,4
fcd889b205f41901b822f768f461e3974f48b5f2, Fri Jul 8 14:28:15 2016 +0200,2,6,1
d6c566c92ac3f21c75301a540da275c87ea4b745, Fri Jul 8 02:29:38 2016 +0200,7,42,4
a79e13c55483d4d6b1aa7d9623e56a743bcdbb7c, Thu Jul 7 03:40:35 2016 +0200,1,1,0
d62fa841bd9b5e110a9d38ef2475f104809753f1, Tue Jul 5 21:13:53 2016 +0200,1,2,2
6bb01a673d1b8805580f4f1a5506319da136a279, Sun Jul 3 22:04:51 2016 +0200,1,4,0
79d5e05cc8116c6fb90da33db0b3b86ebe2e1f22, Sat Jul 2 03:22:34 2016 +0200,1,2,2
d172fddcd5da9014ced3b6d73009a5da2d247cc5, Fri Jul 1 04:01:40 2016 +0200,1,3,3
dcf5fd45130e58ebfc4e727925b5f725a273776f, Thu Jun 30 21:45:42 2016 +0200,1,1,1
662128e5b918045abf8938ca5d6dc9b0ce1bef61, Thu Jun 30 20:48:12 2016 +0200,1,1,1
d4ee6b8c5342005e1e320d49a07483da66bc4b7e, Thu Jun 30 04:13:55 2016 +0200,1,32,0
8c9b847669438229366417acbdd87c9e7e0ea5be, Thu Jun 30 02:58:39 2016 +0200,1,3,3
49668ee002a779a814c56defd8436a91424649ab, Wed Jun 29 23:15:30 2016 +0200,1,2,7
5a137558a6c1e1d7d00dc534534cb4d0d960bab7, Wed Jun 29 22:46:45 2016 +0200,1,1,0
1a9406e232f945749f57be728720937884050981, Wed Jun 29 22:27:41 2016 +0200,1,1,1
8ab00aff6b03fae71b812e3090b6f1b1ce1603b7, Wed Jun 29 04:41:01 2016 +0200,1,3,0
c0566bb9e9c84a858ef61dd3f3034a32acf06ac9, Sat Jun 25 16:48:39 2016 +0200,13,29,20
e20c4c14e65e62d21b1ffb78d4a50ae8be7db348, Sat Jun 25 16:48:39 2016 +0200,3,95,61
b448d6f35bf1d3faf961347c23835f7237548065, Sat Jun 25 16:48:39 2016 +0200,48,10834,0
